	All Respondents	Young men	Young women	Men 35-54	Men 55+	Relational/trusting	Relational/distrusting	Self-driven/trusting	Self-driven/distrusting
Q24_10 Society has mostly positive views of men that are masculine									
Strongly agree	25	23	28	26	20	16	24%	25%	32%
Somewhat agree	42	40	39	40	52	41	44%	42%	34%
Somewhat disagree	17	17	19	19	14	21	10%	16%	19%
Strongly disagree	8	11	6	8	5	13	15%	9%	9%
Don't know 	8	8	8	7	9	10	6%	8%	6%
Q20. Which of the following THREE traits do you believe SOCIETY most values in men today?									
Masculine	25	32	34	22	16				
Physically fit	23	26	29	20	16				
Responsible	21	18	16	18	27				
Confident	21	19	21	24	16				
Dependable	20	17	14	21	28				
Intelligent	17	15	14	16	24				
Respectful	17	16	17	19	17				
Honest	17	15	10	17	30				
Assertive	15	13	19	9	15				
Motivated	15	13	9	15	11				
Competitive	14	11	15	13	12				
Independent	13	16	17	16	12				
Sociable	11	11	11	13	12				
Self-controlled	10	10	10	12	12				
Thoughtful	8	8	6	7	9				
Emotionally expressive	8	8	9	6	8				
Empathetic	8	9	9	9	8				
Resilient	8	9	10	7	6				
Creative	6	7	6	9	6				
Stoic	5	8	8	5	3				
Self-aware	5	9	6	5	3				
Q19. Which of the following THREE traits do YOU believe are most important for men to have today?									
Respectful	35	28	38	36	32				
Honest	33	24	29	26	45				
Responsible	31	23	23	25	37				
Dependable	26	15	14	24	37				
Intelligent	19	20	19	19	19				
Confident	17	21	12	18	19				
Motivated	14	17	16	12	15				
Self-controlled	14	17	17	13	11				
Empathetic	14	12	21	12	9				
Thoughtful	13	12	12	10	13				
Independent	12	15	12	17	11				
Masculine	10	12	8	14	10				
Self-aware	10	15	17	11	6				
Emotionally expressive	8	8	13	4	2				
Physically fit	7	11	7	10	7				
Resilient	7	9	8	11	6				
Creative	7	10	7	7	6				
Sociable	6	6	5	7	6				
Assertive	4	5	5	5	3				
Competitive	4	6	4	3	2				
Stoic	2	5	2	3	1				
Q24_1. I've felt pressure to act more masculine									
Strongly agree	12	21	NA	13	5	17	32%	16%	36%
Somewhat agree	24	34	NA	26	14	30	38%	36%	36%
Somewhat disagree	29	22	NA	29	33	26	17%	25%	11%
Strongly disagree	32	17	NA	29	45	20	18%	16%	15%
Don't know 	4	6	NA	3	3	8	6%	7%	2%
Q24_2. I've felt pressure to act less masculine									
Strongly agree	10	14	NA	12	5	10	11%	13%	26%
Somewhat agree	18	24	NA	20	12	19	27%	24%	29%
Somewhat disagree	24	27	NA	24	21	28	14%	32%	16%
Strongly disagree	43	30	NA	38	57	34	46%	26%	27%
Don't know 	5	6	NA	5	5	9	3%	5%	3%
Q25. Where do you believe the majority of the pressure on men to act more or less traditionally masculine comes from?									
Mostly from society in general	55	55	60	49	52	58.7%	69%	50%	51%
Mostly from men	17	20	16	21	16	16.0%	8%	22%	29%
Mostly from women	13	15	15	17	11	14.1%	17%	16%	15%
There is no pressure on men to act a certain way [ANCHOR]	15	10	9	13	22	11.1%	6%	12%	6%
Q24_3. Women have unrealistic expectations of men									
Strongly agree	20	31	17	30	13	23.9%	36%	28%	51%
Somewhat agree	34	39	31	35	36	39.9%	39%	41%	31%
Somewhat disagree	23	17	28	16	27	18.5%	13%	19%	12%
Strongly disagree	16	8	19	13	13	9.2%	8%	8%	4%
Don't know 	8	5	5	6	11	8.4%	4%	5%	3%
Q24_9. Thinking about my life, things are generally going in the right direction									
Strongly agree	28	26	28	30	27	25.3%	22%	23%	36%
Somewhat agree	45	42	42	40	47	42.0%	46%	44%	37%
Somewhat disagree	16	21	17	15	17	23.2%	13%	23%	17%
Strongly disagree	7	8	8	10	5	7.1%	18%	6%	8%
Don't know 	4	3	5	4	4	2.5%	1%	4%	2%
Q24_7. It is becoming increasingly more difficult to succeed as a man today									
Strongly agree	19	28	18	27	13	20.4%	35%	26%	42%
Somewhat agree	31	38	30	32	31	30.7%	45%	40%	40%
Somewhat disagree	22	20	25	21	30	26.9%	8%	21%	10%
Strongly disagree	16	9	17	16	18	12.5%	7%	8%	6%
Don't know 	11	6	10	5	9	9.5%	5%	4%	3%
Q24_4. Men are less motivated and are lazier today than they were 10 years ago									
Strongly agree	26	25	28	29	22	19.1%	29%	25%	36%
Somewhat agree	33	41	36	35	36	43.1%	40%	38%	45%
Somewhat disagree	19	18	17	14	18	17.7%	19%	20%	10%
Strongly disagree	11	9	8	14	15	9.5%	5%	11%	4%
Don't know 	11	8	11	8	8	10.6%	7%	7%	5%
Q23. Thinking about what it means to be a successful man, how important do you think it is for men to….									
Q23_1. Be the sole provider of their family									
Very important	29	36	30	32	18	30.4%	44%	33%	53%
Somewhat important	31	35	29	32	33	34.0%	24%	38%	31%
Not too important	23	20	22	24	32	26.1%	21%	19%	11%
Not important at all	14	7	15	9	14	7.3%	9%	8%	4%
Don't know 	3	2	4	2	2	2.2%	1%	2%	2%
Q23_2. Protect others around them from harm									
Very important	63	59	54	63	72	59%	70%	56%	63%
Somewhat important	29	28	31	30	24	26%	26%	29%	33%
Not too important	5	9	8	4	3	11%	3%	11%	3%
Not important at all	1	2	5	1	*	3%	1%	3%	1%
Don't know 	1	1	2	2	1	1%	1%	2%	1%
Q23_3. Effectively communicate their emotions									
Very important	56	50	65	49	44	53%	65%	44%	55%
Somewhat important	34	37	23	36	44	36%	33%	40%	33%
Not too important	7	8	8	9	11	6%	1%	11%	10%
Not important at all	2	3	3	4	1	4%	0%	4%	2%
Don't know 	2	2	2	2	1	2%	1%	2%	1%
Q23_4. Be an equal partner with their spouse									
Very important	70	59	66	62	75	64%	84%	48%	66%
Somewhat important	22	26	23	28	21	23%	14%	32%	25%
Not too important	5	9	7	6	3	10%	2%	12%	5%
Not important at all	2	3	2	3	*	1%	0%	6%	2%
Don't know 	1	2	3	1	1	2%	0%	2%	2%
Q23_5. Collaborate and work well with others									
Very important	63	52	61	58	66	59%	65%	44%	57%
Somewhat important	31	36	26	35	30	35%	32%	38%	36%
Not too important	4	8	8	5	3	5%	4%	12%	5%
Not important at all	1	2	2	1	*	1%	0%	3%	1%
Don't know 	1	2	2	1	*	1%	0%	3%	1%
Q23_6. Compromise									
Very important	53	44	58	46	46	49%	58%	35%	53%
Somewhat important	37	40	29	40	46	39%	37%	44%	32%
Not too important	7	11	8	10	4	9%	4%	14%	12%
Not important at all	1	3	2	3	1	2%	1%	5%	2%
Don't know 	2	2	3	2	2	2%	1%	3%	1%
Q23_7. Follow rules									
Very important	54	48	52	52	61	54%	59%	41%	50%
Somewhat important	35	38	33	33	35	35%	36%	40%	39%
Not too important	7	9	9	10	4	6%	5%	13%	9%
Not important at all	1	2	2	3	*	2%	0%	4%	1%
Don't know 	2	2	4	2	*	3%	0%	2%	2%
Q23_8. Have final say in family decisions									
Very important	28	32	31	33	21	27%	37%	31%	43%
Somewhat important	33	38	30	36	37	37%	36%	38%	42%
Not too important	24	21	22	23	32	24%	17%	23%	10%
Not important at all	12	6	14	6	8	9%	7%	6%	4%
Don't know 	3	4	4	2	2	4%	3%	4%	2%
Q23_9. Participate in household chores, like cooking and cleaning									
Very important	54	45	50	54	55	49%	56%	38%	53%
Somewhat important	35	37	31	32	39	40%	33%	38%	33%
Not too important	8	12	12	10	3	7%	11%	16%	13%
Not important at all	2	4	4	2	2	3%	0%	6%	2%
Don't know 	1	1	2	2	*	2%	0%	2%	1%
Q24_12. Men and women should be paid the same amount of money if they do the same work									
Strongly agree	65	50	66	55	67	55%	71%	43%	50%
Somewhat agree	23	28	21	30	24	29%	21%	29%	31%
Somewhat disagree	7	13	7	9	5	9%	5%	18%	14%
Strongly disagree	2	5	3	5	2	4%	1%	7%	2%
Don't know 	3	4	3	2	2	2%	2%	5%	4%
Q24_13. A woman should have the exact same job opportunities as a man.									
Strongly agree	53	40	55	50	55	41%	58%	35%	44%
Somewhat agree	30	34	28	31	31	36%	32%	33%	39%
Somewhat disagree	10	16	10	10	10	17%	9%	20%	11%
Strongly disagree	4	5	3	7	2	3%	1%	8%	3%
Don't know 	3	4	4	2	3	4%	1%	5%	3%
Q15. Who or what has had the biggest influence on your views around what it means to be a man?  									
Your mother	38	34	NA	39	41	36	43	32	33
Your father	58	53	NA	57	63	60	52	53	45
Your spouse/partner	27	22	NA	27	31	18	27	22	26
Religion or religious leaders	16	18	NA	16	15	17	14	20	14
Your female friends	8	9	NA	8	7	9	9	8	14
Other family members	27	28	NA	27	25	36	28	21	35
Your male friends	30	31	NA	28	31	32	25	32	29
Social media (e.g., YouTube, Instagram, TikTok)	10	21	NA	8	4	19	23	22	17
Your elementary or high school teachers	10	7	NA	13	10	5	5	7	10
Trade school, college or university professors	11	13	NA	13	9	9	11	14	18
Military service or training	12	8	NA	9	20	7	6	9	6
Celebrities, television or movies	6	11	NA	8	2	10	14	11	10
Other [OTHER SPECIFY]	3	4	NA	3	2	2	10	4	3
Your sports or extracurricular coaches	13	12	NA	16	8	12	7	11	19
Podcasts	4	8	NA	5	1	7	7	8	8
I don’t know [ANCHOR & exclusive]	4	4	NA	3	7	3	4	5	2