key,title,chart_type,chart_id,uuid,view_link,edit_link,iframe_embed,inject_embed
Figure 1.2,Self-driven/distrusting young men are most likely to have felt pressure to conform.,column,622323,hVBJTwS_u,https://app.everviz.com/chart/hVBJTwS_u,https://app.everviz.com/edit/622323?editor=&panel=chart_customize&type=column_chart,"<iframe src=""https://app.everviz.com/embed/hVBJTwS_u"" style=""width:100%;height:500px;border:0;"" loading=""lazy"" referrerpolicy=""no-referrer-when-downgrade""></iframe>","<script src=""https://app.everviz.com/inject/hVBJTwS_u""></script>"
Figure 1.3,Most young men believe women have unrealistic expectations.,column,622324,6WCN-LUj5,https://app.everviz.com/chart/6WCN-LUj5,https://app.everviz.com/edit/622324?editor=&panel=chart_customize&type=column_chart,"<iframe src=""https://app.everviz.com/embed/6WCN-LUj5"" style=""width:100%;height:500px;border:0;"" loading=""lazy"" referrerpolicy=""no-referrer-when-downgrade""></iframe>","<script src=""https://app.everviz.com/inject/6WCN-LUj5""></script>"
Figure 1.4,"Most young men believe it is becoming more difficult to succeed, but they also believe men are lazier today.",column,622325,FBkUzFX63,https://app.everviz.com/chart/FBkUzFX63,https://app.everviz.com/edit/622325?editor=&panel=chart_customize&type=column_chart,"<iframe src=""https://app.everviz.com/embed/FBkUzFX63"" style=""width:100%;height:500px;border:0;"" loading=""lazy"" referrerpolicy=""no-referrer-when-downgrade""></iframe>","<script src=""https://app.everviz.com/inject/FBkUzFX63""></script>"
Figure 1.5,Being the sole provider is an important element of success for most young men.,bar,622326,6T8h0uMqKW,https://app.everviz.com/chart/6T8h0uMqKW,https://app.everviz.com/edit/622326?editor=&panel=chart_customize&type=bar_chart,"<iframe src=""https://app.everviz.com/embed/6T8h0uMqKW"" style=""width:100%;height:500px;border:0;"" loading=""lazy"" referrerpolicy=""no-referrer-when-downgrade""></iframe>","<script src=""https://app.everviz.com/inject/6T8h0uMqKW""></script>"
Figure 1.6,Young men are less likely than young women and older men to agree with equal opportunity and equal pay.,column,622327,5-mfsiBGi,https://app.everviz.com/chart/5-mfsiBGi,https://app.everviz.com/edit/622327?editor=&panel=chart_customize&type=column_chart,"<iframe src=""https://app.everviz.com/embed/5-mfsiBGi"" style=""width:100%;height:500px;border:0;"" loading=""lazy"" referrerpolicy=""no-referrer-when-downgrade""></iframe>","<script src=""https://app.everviz.com/inject/5-mfsiBGi""></script>"
Figure 1.7,Ninety percent of relational/distrusting young men agree with equal opportunity and equal pay. Fewer self-driven/trusting young men agree.,column,622328,WSTohbjFEr,https://app.everviz.com/chart/WSTohbjFEr,https://app.everviz.com/edit/622328?editor=&panel=chart_customize&type=column_chart,"<iframe src=""https://app.everviz.com/embed/WSTohbjFEr"" style=""width:100%;height:500px;border:0;"" loading=""lazy"" referrerpolicy=""no-referrer-when-downgrade""></iframe>","<script src=""https://app.everviz.com/inject/WSTohbjFEr""></script>"
Figure 1.8,More young men say social media influences their views on what it means to be a man than teachers or professors and sports or extracurricular coaches.,bar,622329,kdNKvQMG8,https://app.everviz.com/chart/kdNKvQMG8,https://app.everviz.com/edit/622329?editor=&panel=chart_customize&type=bar_chart,"<iframe src=""https://app.everviz.com/embed/kdNKvQMG8"" style=""width:100%;height:500px;border:0;"" loading=""lazy"" referrerpolicy=""no-referrer-when-downgrade""></iframe>","<script src=""https://app.everviz.com/inject/kdNKvQMG8""></script>"
Figure 1.9,More relational/trusting than self-driven/distrusting young men turned to their fathers as influential in understanding what it means to be a man.,bar,622330,KWHhsLNZP-,https://app.everviz.com/chart/KWHhsLNZP-,https://app.everviz.com/edit/622330?editor=&panel=chart_customize&type=bar_chart,"<iframe src=""https://app.everviz.com/embed/KWHhsLNZP-"" style=""width:100%;height:500px;border:0;"" loading=""lazy"" referrerpolicy=""no-referrer-when-downgrade""></iframe>","<script src=""https://app.everviz.com/inject/KWHhsLNZP-""></script>"
Figure 2.1,Many young men believe college is a questionable investment.,column,622331,XuPVZ7d-9,https://app.everviz.com/chart/XuPVZ7d-9,https://app.everviz.com/edit/622331?editor=&panel=chart_customize&type=column_chart,"<iframe src=""https://app.everviz.com/embed/XuPVZ7d-9"" style=""width:100%;height:500px;border:0;"" loading=""lazy"" referrerpolicy=""no-referrer-when-downgrade""></iframe>","<script src=""https://app.everviz.com/inject/XuPVZ7d-9""></script>"
Figure2.2,Many young men believe colleges do not align with workplace needs.,column,622332,0oGd3cNPyc,https://app.everviz.com/chart/0oGd3cNPyc,https://app.everviz.com/edit/622332?editor=&panel=chart_customize&type=column_chart,"<iframe src=""https://app.everviz.com/embed/0oGd3cNPyc"" style=""width:100%;height:500px;border:0;"" loading=""lazy"" referrerpolicy=""no-referrer-when-downgrade""></iframe>","<script src=""https://app.everviz.com/inject/0oGd3cNPyc""></script>"
Figure 2.3,Young men believe colleges are designed to benefit women.,column,622333,b04nkAtTB,https://app.everviz.com/chart/b04nkAtTB,https://app.everviz.com/edit/622333?editor=&panel=chart_customize&type=column_chart,"<iframe src=""https://app.everviz.com/embed/b04nkAtTB"" style=""width:100%;height:500px;border:0;"" loading=""lazy"" referrerpolicy=""no-referrer-when-downgrade""></iframe>","<script src=""https://app.everviz.com/inject/b04nkAtTB""></script>"
Figure 2.4,Most self-driven/distrusting young men believe men should have physically demanding jobs.,column,622334,8eckNxUgaF,https://app.everviz.com/chart/8eckNxUgaF,https://app.everviz.com/edit/622334?editor=&panel=chart_customize&type=column_chart,"<iframe src=""https://app.everviz.com/embed/8eckNxUgaF"" style=""width:100%;height:500px;border:0;"" loading=""lazy"" referrerpolicy=""no-referrer-when-downgrade""></iframe>","<script src=""https://app.everviz.com/inject/8eckNxUgaF""></script>"
Figure 2.5,"Most self-driven/distrusting young men, even those who are Democrats, agree that people without liberal political views are not welcome at colleges.",column,622335,MrOD7M-EF,https://app.everviz.com/chart/MrOD7M-EF,https://app.everviz.com/edit/622335?editor=&panel=chart_customize&type=column_chart,"<iframe src=""https://app.everviz.com/embed/MrOD7M-EF"" style=""width:100%;height:500px;border:0;"" loading=""lazy"" referrerpolicy=""no-referrer-when-downgrade""></iframe>","<script src=""https://app.everviz.com/inject/MrOD7M-EF""></script>"
Figure 2.6,Young men view trade schools and bachelor’s degrees as holding similar value.,stackedbar,622336,84USc79HqD,https://app.everviz.com/chart/84USc79HqD,https://app.everviz.com/edit/622336?editor=&panel=chart_customize&type=stackedbar_chart,"<iframe src=""https://app.everviz.com/embed/84USc79HqD"" style=""width:100%;height:500px;border:0;"" loading=""lazy"" referrerpolicy=""no-referrer-when-downgrade""></iframe>","<script src=""https://app.everviz.com/inject/84USc79HqD""></script>"
Figure 2.7,Relational/distrusting young men are most likely to see the value of obtaining a bachelor’s degree or higher in today’s job market.,bar,622337,tZ1xcCtFM,https://app.everviz.com/chart/tZ1xcCtFM,https://app.everviz.com/edit/622337?editor=&panel=chart_customize&type=bar_chart,"<iframe src=""https://app.everviz.com/embed/tZ1xcCtFM"" style=""width:100%;height:500px;border:0;"" loading=""lazy"" referrerpolicy=""no-referrer-when-downgrade""></iframe>","<script src=""https://app.everviz.com/inject/tZ1xcCtFM""></script>"
Figure 2.8,Fewer young men than young women felt pressure from society to pursue a degree.,bar,622338,ObU5V1MgjP,https://app.everviz.com/chart/ObU5V1MgjP,https://app.everviz.com/edit/622338?editor=&panel=chart_customize&type=bar_chart,"<iframe src=""https://app.everviz.com/embed/ObU5V1MgjP"" style=""width:100%;height:500px;border:0;"" loading=""lazy"" referrerpolicy=""no-referrer-when-downgrade""></iframe>","<script src=""https://app.everviz.com/inject/ObU5V1MgjP""></script>"
Figure 2.9,More young men than young women did not seriously consider pursuing a degree after high school.,bar,622339,yyLpq-mf-,https://app.everviz.com/chart/yyLpq-mf-,https://app.everviz.com/edit/622339?editor=&panel=chart_customize&type=bar_chart,"<iframe src=""https://app.everviz.com/embed/yyLpq-mf-"" style=""width:100%;height:500px;border:0;"" loading=""lazy"" referrerpolicy=""no-referrer-when-downgrade""></iframe>","<script src=""https://app.everviz.com/inject/yyLpq-mf-""></script>"
Figure 2.10,Self-driven/distrusting young men without degrees are most likely to have felt pressure to enroll in college even though they weren’t ready.,column,622340,mH7HRtRfXb,https://app.everviz.com/chart/mH7HRtRfXb,https://app.everviz.com/edit/622340?editor=&panel=chart_customize&type=column_chart,"<iframe src=""https://app.everviz.com/embed/mH7HRtRfXb"" style=""width:100%;height:500px;border:0;"" loading=""lazy"" referrerpolicy=""no-referrer-when-downgrade""></iframe>","<script src=""https://app.everviz.com/inject/mH7HRtRfXb""></script>"
Figure 2.11,"Affordability, uncertainty about what to study, and a preference for full-time work are the main reasons young men say they do not pursue a degree after high school.",bar,622341,EaPN2TFXK,https://app.everviz.com/chart/EaPN2TFXK,https://app.everviz.com/edit/622341?editor=&panel=chart_customize&type=bar_chart,"<iframe src=""https://app.everviz.com/embed/EaPN2TFXK"" style=""width:100%;height:500px;border:0;"" loading=""lazy"" referrerpolicy=""no-referrer-when-downgrade""></iframe>","<script src=""https://app.everviz.com/inject/EaPN2TFXK""></script>"
Figure 2.12,More young Black than Latino or white young men did not pursue a degree after high school because of a major life event. Fewer young Black men than their Latino or white peers cite costs.,bar,622342,MHF0ZlgmeL,https://app.everviz.com/chart/MHF0ZlgmeL,https://app.everviz.com/edit/622342?editor=&panel=chart_customize&type=bar_chart,"<iframe src=""https://app.everviz.com/embed/MHF0ZlgmeL"" style=""width:100%;height:500px;border:0;"" loading=""lazy"" referrerpolicy=""no-referrer-when-downgrade""></iframe>","<script src=""https://app.everviz.com/inject/MHF0ZlgmeL""></script>"
Figure 2.13,Black and Latino young men are more likely than their white peers to report financial impacts from not obtaining a degree.,column,622343,YAabsm36F,https://app.everviz.com/chart/YAabsm36F,https://app.everviz.com/edit/622343?editor=&panel=chart_customize&type=column_chart,"<iframe src=""https://app.everviz.com/embed/YAabsm36F"" style=""width:100%;height:500px;border:0;"" loading=""lazy"" referrerpolicy=""no-referrer-when-downgrade""></iframe>","<script src=""https://app.everviz.com/inject/YAabsm36F""></script>"
Figure 2.14,Self-driven/distrusting young men without degrees are most likely to experience financial and social impacts from the lack of a credential.,bar,622344,vSWGGzuTow,https://app.everviz.com/chart/vSWGGzuTow,https://app.everviz.com/edit/622344?editor=&panel=chart_customize&type=bar_chart,"<iframe src=""https://app.everviz.com/embed/vSWGGzuTow"" style=""width:100%;height:500px;border:0;"" loading=""lazy"" referrerpolicy=""no-referrer-when-downgrade""></iframe>","<script src=""https://app.everviz.com/inject/vSWGGzuTow""></script>"
Figure 2.15,Self-driven/distrusting young men are most likely to regret pursuing their degree,column,622345,Si27QDI4b,https://app.everviz.com/chart/Si27QDI4b,https://app.everviz.com/edit/622345?editor=&panel=chart_customize&type=column_chart,"<iframe src=""https://app.everviz.com/embed/Si27QDI4b"" style=""width:100%;height:500px;border:0;"" loading=""lazy"" referrerpolicy=""no-referrer-when-downgrade""></iframe>","<script src=""https://app.everviz.com/inject/Si27QDI4b""></script>"
Figure 2.16,Young Latino men are most likely to report they would like to earn a degree but face various barriers.,column,622346,O8_gTbNoPN,https://app.everviz.com/chart/O8_gTbNoPN,https://app.everviz.com/edit/622346?editor=&panel=chart_customize&type=column_chart,"<iframe src=""https://app.everviz.com/embed/O8_gTbNoPN"" style=""width:100%;height:500px;border:0;"" loading=""lazy"" referrerpolicy=""no-referrer-when-downgrade""></iframe>","<script src=""https://app.everviz.com/inject/O8_gTbNoPN""></script>"
Figure 2.17,"Many young men without degrees would like to earn one, but they see barriers.",column,622347,GhKx5jHJG,https://app.everviz.com/chart/GhKx5jHJG,https://app.everviz.com/edit/622347?editor=&panel=chart_customize&type=column_chart,"<iframe src=""https://app.everviz.com/embed/GhKx5jHJG"" style=""width:100%;height:500px;border:0;"" loading=""lazy"" referrerpolicy=""no-referrer-when-downgrade""></iframe>","<script src=""https://app.everviz.com/inject/GhKx5jHJG""></script>"
Figure 2.18,More young men than women pursued a college degree to build professional networks.,bar,622348,AW1p904D4,https://app.everviz.com/chart/AW1p904D4,https://app.everviz.com/edit/622348?editor=&panel=chart_customize&type=bar_chart,"<iframe src=""https://app.everviz.com/embed/AW1p904D4"" style=""width:100%;height:500px;border:0;"" loading=""lazy"" referrerpolicy=""no-referrer-when-downgrade""></iframe>","<script src=""https://app.everviz.com/inject/AW1p904D4""></script>"
Figure 2.19,Young men who have a degree are more likely than those without a degree to believe hard work will lead to success.,column,622349,wZiqhYo7Hu,https://app.everviz.com/chart/wZiqhYo7Hu,https://app.everviz.com/edit/622349?editor=&panel=chart_customize&type=column_chart,"<iframe src=""https://app.everviz.com/embed/wZiqhYo7Hu"" style=""width:100%;height:500px;border:0;"" loading=""lazy"" referrerpolicy=""no-referrer-when-downgrade""></iframe>","<script src=""https://app.everviz.com/inject/wZiqhYo7Hu""></script>"
Figure 2.20,"Young men with degrees report their college education was useful in helping them grow personally, professionally, and socially.",bar,622350,1el__yAo5,https://app.everviz.com/chart/1el__yAo5,https://app.everviz.com/edit/622350?editor=&panel=chart_customize&type=bar_chart,"<iframe src=""https://app.everviz.com/embed/1el__yAo5"" style=""width:100%;height:500px;border:0;"" loading=""lazy"" referrerpolicy=""no-referrer-when-downgrade""></iframe>","<script src=""https://app.everviz.com/inject/1el__yAo5""></script>"
Figure 2.20b,"Young men with degrees report their college education was useful in helping them grow personally, professionally, and socially.",column,622351,yp25Hk2Ua5,https://app.everviz.com/chart/yp25Hk2Ua5,https://app.everviz.com/edit/622351?editor=&panel=chart_customize&type=column_chart,"<iframe src=""https://app.everviz.com/embed/yp25Hk2Ua5"" style=""width:100%;height:500px;border:0;"" loading=""lazy"" referrerpolicy=""no-referrer-when-downgrade""></iframe>","<script src=""https://app.everviz.com/inject/yp25Hk2Ua5""></script>"
Figure 2.21,Young men believe reducing the cost of pursuing a degree and expanding work experience and job placement partnerships would make college a better investment.,stackedbar,622352,Zx5lvrdQz,https://app.everviz.com/chart/Zx5lvrdQz,https://app.everviz.com/edit/622352?editor=&panel=chart_customize&type=stackedbar_chart,"<iframe src=""https://app.everviz.com/embed/Zx5lvrdQz"" style=""width:100%;height:500px;border:0;"" loading=""lazy"" referrerpolicy=""no-referrer-when-downgrade""></iframe>","<script src=""https://app.everviz.com/inject/Zx5lvrdQz""></script>"
Figure 2.22,Relational/distrusting young men are most likely to say reducing tuition would help a lot to make college a safer investment.,bar,622353,TrE83qGEUp,https://app.everviz.com/chart/TrE83qGEUp,https://app.everviz.com/edit/622353?editor=&panel=chart_customize&type=bar_chart,"<iframe src=""https://app.everviz.com/embed/TrE83qGEUp"" style=""width:100%;height:500px;border:0;"" loading=""lazy"" referrerpolicy=""no-referrer-when-downgrade""></iframe>","<script src=""https://app.everviz.com/inject/TrE83qGEUp""></script>"
Figure 2.23,Young men trust community-based organizations more than the government to help make college a better investment.,stackedbar,622354,duPhnFdS5,https://app.everviz.com/chart/duPhnFdS5,https://app.everviz.com/edit/622354?editor=&panel=chart_customize&type=stackedbar_chart,"<iframe src=""https://app.everviz.com/embed/duPhnFdS5"" style=""width:100%;height:500px;border:0;"" loading=""lazy"" referrerpolicy=""no-referrer-when-downgrade""></iframe>","<script src=""https://app.everviz.com/inject/duPhnFdS5""></script>"
Figure 2.24,Self-driven/distrusting young men believe employers and industry coalitions are a plausible group to make college a better investment.,bar,622355,IpxiMNvnFs,https://app.everviz.com/chart/IpxiMNvnFs,https://app.everviz.com/edit/622355?editor=&panel=chart_customize&type=bar_chart,"<iframe src=""https://app.everviz.com/embed/IpxiMNvnFs"" style=""width:100%;height:500px;border:0;"" loading=""lazy"" referrerpolicy=""no-referrer-when-downgrade""></iframe>","<script src=""https://app.everviz.com/inject/IpxiMNvnFs""></script>"
Figure 3.1,Young men and young women report feeling disconnected and irrelevant at similar rates.,bar,622356,oTXXZFfV3,https://app.everviz.com/chart/oTXXZFfV3,https://app.everviz.com/edit/622356?editor=&panel=chart_customize&type=bar_chart,"<iframe src=""https://app.everviz.com/embed/oTXXZFfV3"" style=""width:100%;height:500px;border:0;"" loading=""lazy"" referrerpolicy=""no-referrer-when-downgrade""></iframe>","<script src=""https://app.everviz.com/inject/oTXXZFfV3""></script>"
Figure 3.2,Relational/distrusting and self-driven/distrusting young men are especially likely to have felt lonely or irrelevant.,bar,622357,Jh3xULaGuq,https://app.everviz.com/chart/Jh3xULaGuq,https://app.everviz.com/edit/622357?editor=&panel=chart_customize&type=bar_chart,"<iframe src=""https://app.everviz.com/embed/Jh3xULaGuq"" style=""width:100%;height:500px;border:0;"" loading=""lazy"" referrerpolicy=""no-referrer-when-downgrade""></iframe>","<script src=""https://app.everviz.com/inject/Jh3xULaGuq""></script>"
Figure 3.3,Disconnection and irrelevance is lower among relational/distrusting young men who have a degree than those without. This is not true for the self-driven/distrusting peers.,column,622358,l7Jb4ZtiM,https://app.everviz.com/chart/l7Jb4ZtiM,https://app.everviz.com/edit/622358?editor=&panel=chart_customize&type=column_chart,"<iframe src=""https://app.everviz.com/embed/l7Jb4ZtiM"" style=""width:100%;height:500px;border:0;"" loading=""lazy"" referrerpolicy=""no-referrer-when-downgrade""></iframe>","<script src=""https://app.everviz.com/inject/l7Jb4ZtiM""></script>"
Figure 3.4,Young women are more likely than young men to say they had someone for emotional support. Young men are more likely to say they felt like part of the country.,bar,622359,ahB8jZO3Xr,https://app.everviz.com/chart/ahB8jZO3Xr,https://app.everviz.com/edit/622359?editor=&panel=chart_customize&type=bar_chart,"<iframe src=""https://app.everviz.com/embed/ahB8jZO3Xr"" style=""width:100%;height:500px;border:0;"" loading=""lazy"" referrerpolicy=""no-referrer-when-downgrade""></iframe>","<script src=""https://app.everviz.com/inject/ahB8jZO3Xr""></script>"
Figure 3.5,Most relational and self-driven/distrusting young men want more people to connect with and most wish they had deeper connections.,bar,622360,ILrVfAyaK,https://app.everviz.com/chart/ILrVfAyaK,https://app.everviz.com/edit/622360?editor=&panel=chart_customize&type=bar_chart,"<iframe src=""https://app.everviz.com/embed/ILrVfAyaK"" style=""width:100%;height:500px;border:0;"" loading=""lazy"" referrerpolicy=""no-referrer-when-downgrade""></iframe>","<script src=""https://app.everviz.com/inject/ILrVfAyaK""></script>"
Figure 3.5b,Most relational and self-driven/distrusting young men want more people to connect with and most wish they had deeper connections.,column,622361,gBXJW-QE9y,https://app.everviz.com/chart/gBXJW-QE9y,https://app.everviz.com/edit/622361?editor=&panel=chart_customize&type=column_chart,"<iframe src=""https://app.everviz.com/embed/gBXJW-QE9y"" style=""width:100%;height:500px;border:0;"" loading=""lazy"" referrerpolicy=""no-referrer-when-downgrade""></iframe>","<script src=""https://app.everviz.com/inject/gBXJW-QE9y""></script>"
Figure 3.6,Relational/trusting and self-driven/trusting young men with degrees are more likely than their counterparts without a degree to say they had someone to turn to for emotional support.,column,622362,pj3DGh-Iw,https://app.everviz.com/chart/pj3DGh-Iw,https://app.everviz.com/edit/622362?editor=&panel=chart_customize&type=column_chart,"<iframe src=""https://app.everviz.com/embed/pj3DGh-Iw"" style=""width:100%;height:500px;border:0;"" loading=""lazy"" referrerpolicy=""no-referrer-when-downgrade""></iframe>","<script src=""https://app.everviz.com/inject/pj3DGh-Iw""></script>"
Figure 3.7,Relational/trusting young men are more likely than their self-driven/distrusting peers to say most of their interactions outside of work and school are with close friends.,bar,622363,G3IJmGBrWd,https://app.everviz.com/chart/G3IJmGBrWd,https://app.everviz.com/edit/622363?editor=&panel=chart_customize&type=bar_chart,"<iframe src=""https://app.everviz.com/embed/G3IJmGBrWd"" style=""width:100%;height:500px;border:0;"" loading=""lazy"" referrerpolicy=""no-referrer-when-downgrade""></iframe>","<script src=""https://app.everviz.com/inject/G3IJmGBrWd""></script>"
Figure 3.8,"Young men are more likely than young women to use gaming platforms, collaboration platforms, and online forums.",bar,622364,_8adrGQsc,https://app.everviz.com/chart/_8adrGQsc,https://app.everviz.com/edit/622364?editor=&panel=chart_customize&type=bar_chart,"<iframe src=""https://app.everviz.com/embed/_8adrGQsc"" style=""width:100%;height:500px;border:0;"" loading=""lazy"" referrerpolicy=""no-referrer-when-downgrade""></iframe>","<script src=""https://app.everviz.com/inject/_8adrGQsc""></script>"
Figure 3.9,"Self-driven/distrusting young men are most likely to use gaming platforms, collaboration platforms, and online forums.",bar,622365,tlvHC8PaoV,https://app.everviz.com/chart/tlvHC8PaoV,https://app.everviz.com/edit/622365?editor=&panel=chart_customize&type=bar_chart,"<iframe src=""https://app.everviz.com/embed/tlvHC8PaoV"" style=""width:100%;height:500px;border:0;"" loading=""lazy"" referrerpolicy=""no-referrer-when-downgrade""></iframe>","<script src=""https://app.everviz.com/inject/tlvHC8PaoV""></script>"
Figure 3.10,"Young men most often follow influencers or podcasts related to gaming and sports, while young women prefer content focusing on mental health, pop culture, and lifestyle.",bar,622366,L3p0a-1uF,https://app.everviz.com/chart/L3p0a-1uF,https://app.everviz.com/edit/622366?editor=&panel=chart_customize&type=bar_chart,"<iframe src=""https://app.everviz.com/embed/L3p0a-1uF"" style=""width:100%;height:500px;border:0;"" loading=""lazy"" referrerpolicy=""no-referrer-when-downgrade""></iframe>","<script src=""https://app.everviz.com/inject/L3p0a-1uF""></script>"
Figure 3.11,Self-driven/distrusting young men are most likely to follow content creators and podcasts that discuss masculinity.,bar,622367,q8OPX_gjxy,https://app.everviz.com/chart/q8OPX_gjxy,https://app.everviz.com/edit/622367?editor=&panel=chart_customize&type=bar_chart,"<iframe src=""https://app.everviz.com/embed/q8OPX_gjxy"" style=""width:100%;height:500px;border:0;"" loading=""lazy"" referrerpolicy=""no-referrer-when-downgrade""></iframe>","<script src=""https://app.everviz.com/inject/q8OPX_gjxy""></script>"
Figure 4.1,Most Americans are skeptical that the government is working for the people.,bar,622368,7VsCQ5_QO,https://app.everviz.com/chart/7VsCQ5_QO,https://app.everviz.com/edit/622368?editor=&panel=chart_customize&type=bar_chart,"<iframe src=""https://app.everviz.com/embed/7VsCQ5_QO"" style=""width:100%;height:500px;border:0;"" loading=""lazy"" referrerpolicy=""no-referrer-when-downgrade""></iframe>","<script src=""https://app.everviz.com/inject/7VsCQ5_QO""></script>"
Figure 4.2,Majorities of young men across political identity are skeptical that the government is working for the people.,bar,622369,4Md_c-5jQm,https://app.everviz.com/chart/4Md_c-5jQm,https://app.everviz.com/edit/622369?editor=&panel=chart_customize&type=bar_chart,"<iframe src=""https://app.everviz.com/embed/4Md_c-5jQm"" style=""width:100%;height:500px;border:0;"" loading=""lazy"" referrerpolicy=""no-referrer-when-downgrade""></iframe>","<script src=""https://app.everviz.com/inject/4Md_c-5jQm""></script>"
Figure 4.3,Self-driven/distrusting young men are most likely to say the government is functioning as intended.,column,622370,IcZCaH-9ts,https://app.everviz.com/chart/IcZCaH-9ts,https://app.everviz.com/edit/622370?editor=&panel=chart_customize&type=column_chart,"<iframe src=""https://app.everviz.com/embed/IcZCaH-9ts"" style=""width:100%;height:500px;border:0;"" loading=""lazy"" referrerpolicy=""no-referrer-when-downgrade""></iframe>","<script src=""https://app.everviz.com/inject/IcZCaH-9ts""></script>"
Figure 4.4,Self-driven/distrusting young men are most likely to believe average Americans have power influencing policy.,bar,622371,oddPNiZ82,https://app.everviz.com/chart/oddPNiZ82,https://app.everviz.com/edit/622371?editor=&panel=chart_customize&type=bar_chart,"<iframe src=""https://app.everviz.com/embed/oddPNiZ82"" style=""width:100%;height:500px;border:0;"" loading=""lazy"" referrerpolicy=""no-referrer-when-downgrade""></iframe>","<script src=""https://app.everviz.com/inject/oddPNiZ82""></script>"
Figure 4.5,Only a third of relational/distrusting young men believe the design and structure of the nation’s government is fine.,column,622372,7JF9Mmbl9,https://app.everviz.com/chart/7JF9Mmbl9,https://app.everviz.com/edit/622372?editor=&panel=chart_customize&type=column_chart,"<iframe src=""https://app.everviz.com/embed/7JF9Mmbl9"" style=""width:100%;height:500px;border:0;"" loading=""lazy"" referrerpolicy=""no-referrer-when-downgrade""></iframe>","<script src=""https://app.everviz.com/inject/7JF9Mmbl9""></script>"
Figure 4.6,Self-driven/distrusting young men are most likely to believe ordinary people have influence at the national level.,column,622373,veqWGv2Bli,https://app.everviz.com/chart/veqWGv2Bli,https://app.everviz.com/edit/622373?editor=&panel=chart_customize&type=column_chart,"<iframe src=""https://app.everviz.com/embed/veqWGv2Bli"" style=""width:100%;height:500px;border:0;"" loading=""lazy"" referrerpolicy=""no-referrer-when-downgrade""></iframe>","<script src=""https://app.everviz.com/inject/veqWGv2Bli""></script>"
Figure 4.7,Self-driven/distrusting young men are more likely to report engagement in their communities and in democratic practices.,column,622374,Uap_FG8PqI,https://app.everviz.com/chart/Uap_FG8PqI,https://app.everviz.com/edit/622374?editor=&panel=chart_customize&type=column_chart,"<iframe src=""https://app.everviz.com/embed/Uap_FG8PqI"" style=""width:100%;height:500px;border:0;"" loading=""lazy"" referrerpolicy=""no-referrer-when-downgrade""></iframe>","<script src=""https://app.everviz.com/inject/Uap_FG8PqI""></script>"
Figure 4.8,Fewer self-driven/trusting young men than their peers believe it is important to vote.,column,622375,TkQ2OA8Pg,https://app.everviz.com/chart/TkQ2OA8Pg,https://app.everviz.com/edit/622375?editor=&panel=chart_customize&type=column_chart,"<iframe src=""https://app.everviz.com/embed/TkQ2OA8Pg"" style=""width:100%;height:500px;border:0;"" loading=""lazy"" referrerpolicy=""no-referrer-when-downgrade""></iframe>","<script src=""https://app.everviz.com/inject/TkQ2OA8Pg""></script>"
