section,qId,question,sId,subpart,response,All Respondents,Young men,Young women,Men 35-54,Men 55+,Relational/trusting,Relational/distrusting,Self-driven/trusting,Self-driven/distrusting
Alienated and (Dis)Engaged,Q31_1,Politicians don’t care what people like me think,,,Strongly agree,29,27,30,31,31,22,50,16,53
Alienated and (Dis)Engaged,Q31_1,Politicians don’t care what people like me think,,,Agree,34,35,35,34,39,27,50,33,47
Alienated and (Dis)Engaged,Q31_1,Politicians don’t care what people like me think,,,Neither agree nor disagree,23,22,25,23,15,29,0,30,0
Alienated and (Dis)Engaged,Q31_1,Politicians don’t care what people like me think,,,Disagree,9,9,7,8,11,13,0,12,0
Alienated and (Dis)Engaged,Q31_1,Politicians don’t care what people like me think,,,Strongly disagree,3,3,2,3,3,4,0,5,0
Alienated and (Dis)Engaged,Q31_1,Politicians don’t care what people like me think,,,Don't know,2,2,2,1,,5,0,4,0
Alienated and (Dis)Engaged,Q31_2,Politicians in Washington cannot be trusted to put the interests of the country ahead of the interests of their party,,,Strongly agree,35,28,28,32,43,18,57,20,49
Alienated and (Dis)Engaged,Q31_2,Politicians in Washington cannot be trusted to put the interests of the country ahead of the interests of their party,,,Agree,33,30,31,36,36,23,43,24,51
Alienated and (Dis)Engaged,Q31_2,Politicians in Washington cannot be trusted to put the interests of the country ahead of the interests of their party,,,Neither agree nor disagree,21,27,26,23,15,33,0,38,0
Alienated and (Dis)Engaged,Q31_2,Politicians in Washington cannot be trusted to put the interests of the country ahead of the interests of their party,,,Disagree,5,8,5,5,3,12,0,11,0
Alienated and (Dis)Engaged,Q31_2,Politicians in Washington cannot be trusted to put the interests of the country ahead of the interests of their party,,,Strongly disagree,3,3,3,2,2,4,0,4,0
Alienated and (Dis)Engaged,Q31_2,Politicians in Washington cannot be trusted to put the interests of the country ahead of the interests of their party,,,Don't know,3,5,7,2,1,10,0,4,0
Alienated and (Dis)Engaged,Q31_3,It is important to vote in local elections,,,Strongly agree,50,32,37,43,60,33,30,27,43
Alienated and (Dis)Engaged,Q31_3,It is important to vote in local elections,,,Agree,29,34,32,30,28,32,43,34,34
Alienated and (Dis)Engaged,Q31_3,It is important to vote in local elections,,,Neither agree nor disagree,14,22,20,16,7,18,20,28,16
Alienated and (Dis)Engaged,Q31_3,It is important to vote in local elections,,,Disagree,3,7,4,5,2,13,1,7,5
Alienated and (Dis)Engaged,Q31_3,It is important to vote in local elections,,,Strongly disagree,2,2,6,3,1,2,3,3,2
Alienated and (Dis)Engaged,Q31_3,It is important to vote in local elections,,,Don't know,2,2,2,3,,2,3,2,1
Alienated and (Dis)Engaged,Q31_4,"Politicians and government can seem so complicated, I find it hard to understand what is going on",,,Strongly agree,16,16,19,16,12,8,35,10,36
Alienated and (Dis)Engaged,Q31_4,"Politicians and government can seem so complicated, I find it hard to understand what is going on",,,Agree,30,35,35,31,28,24,65,24,64
Alienated and (Dis)Engaged,Q31_4,"Politicians and government can seem so complicated, I find it hard to understand what is going on",,,Neither agree nor disagree,24,26,24,23,25,34,0,37,0
Alienated and (Dis)Engaged,Q31_4,"Politicians and government can seem so complicated, I find it hard to understand what is going on",,,Disagree,17,15,12,16,24,23,0,19,0
Alienated and (Dis)Engaged,Q31_4,"Politicians and government can seem so complicated, I find it hard to understand what is going on",,,Strongly disagree,10,6,9,11,11,7,0,8,0
Alienated and (Dis)Engaged,Q31_4,"Politicians and government can seem so complicated, I find it hard to understand what is going on",,,Don't know,2,2,1,4,,4,0,2,0
Alienated and (Dis)Engaged,Q31_5,The government is rigged to advantage the rich and powerful,,,Strongly agree,33,30,37,33,32,25,50,20,53
Alienated and (Dis)Engaged,Q31_5,The government is rigged to advantage the rich and powerful,,,Agree,30,32,30,31,32,28,35,31,39
Alienated and (Dis)Engaged,Q31_5,The government is rigged to advantage the rich and powerful,,,Neither agree nor disagree,24,24,21,21,24,28,13,29,6
Alienated and (Dis)Engaged,Q31_5,The government is rigged to advantage the rich and powerful,,,Disagree,7,8,5,6,8,9,0,11,2
Alienated and (Dis)Engaged,Q31_5,The government is rigged to advantage the rich and powerful,,,Strongly disagree,4,4,4,6,3,4,2,6,0
Alienated and (Dis)Engaged,Q31_5,The government is rigged to advantage the rich and powerful,,,Don't know,2,4,3,2,1,6,0,4,1
Alienated and (Dis)Engaged,Q31_6,People like me can’t change what is happening in the government so there is no point in trying,,,Strongly agree,14,15,17,18,10,8,26,11,31
Alienated and (Dis)Engaged,Q31_6,People like me can’t change what is happening in the government so there is no point in trying,,,Agree,21,30,23,24,18,27,38,27,41
Alienated and (Dis)Engaged,Q31_6,People like me can’t change what is happening in the government so there is no point in trying,,,Neither agree nor disagree,25,29,28,23,23,32,16,33,19
Alienated and (Dis)Engaged,Q31_6,People like me can’t change what is happening in the government so there is no point in trying,,,Disagree,24,18,21,22,32,20,14,21,7
Alienated and (Dis)Engaged,Q31_6,People like me can’t change what is happening in the government so there is no point in trying,,,Strongly disagree,13,6,10,12,16,9,5,6,2
Alienated and (Dis)Engaged,Q31_6,People like me can’t change what is happening in the government so there is no point in trying,,,Don't know,3,2,2,2,1,4,1,2,0
Alienated and (Dis)Engaged,Q31_7,Politicians today are no longer able to meet the challenges our country is facing.,,,Strongly agree,25,22,25,24,23,12,38,16,50
Alienated and (Dis)Engaged,Q31_7,Politicians today are no longer able to meet the challenges our country is facing.,,,Agree,35,33,34,39,41,31,48,31,36
Alienated and (Dis)Engaged,Q31_7,Politicians today are no longer able to meet the challenges our country is facing.,,,Neither agree nor disagree,25,27,26,19,25,33,12,32,8
Alienated and (Dis)Engaged,Q31_7,Politicians today are no longer able to meet the challenges our country is facing.,,,Disagree,9,11,6,11,9,14,1,14,5
Alienated and (Dis)Engaged,Q31_7,Politicians today are no longer able to meet the challenges our country is facing.,,,Strongly disagree,4,3,5,4,2,3,0,4,1
Alienated and (Dis)Engaged,Q31_7,Politicians today are no longer able to meet the challenges our country is facing.,,,Don't know,3,4,4,4,,7,1,4,1
Alienated and (Dis)Engaged,Q31_8,The government is currently functioning as it was intended to,,,Strongly agree,8,10,9,12,4,6,17,8,20
Alienated and (Dis)Engaged,Q31_8,The government is currently functioning as it was intended to,,,Agree,18,24,15,22,17,17,19,25,37
Alienated and (Dis)Engaged,Q31_8,The government is currently functioning as it was intended to,,,Neither agree nor disagree,19,23,19,19,18,27,14,27,11
Alienated and (Dis)Engaged,Q31_8,The government is currently functioning as it was intended to,,,Disagree,22,22,26,23,29,24,19,24,14
Alienated and (Dis)Engaged,Q31_8,The government is currently functioning as it was intended to,,,Strongly disagree,29,16,28,20,33,16,30,13,15
Alienated and (Dis)Engaged,Q31_8,The government is currently functioning as it was intended to,,,Don't know,3,5,3,5,,10,1,3,2
Alienated and (Dis)Engaged,Q31_9,It is important to vote in federal elections,,,Strongly agree,52,29,40,44,68,32,25,24,41
Alienated and (Dis)Engaged,Q31_9,It is important to vote in federal elections,,,Agree,25,35,30,29,22,33,46,33,35
Alienated and (Dis)Engaged,Q31_9,It is important to vote in federal elections,,,Neither agree nor disagree,14,24,19,18,7,18,24,29,19
Alienated and (Dis)Engaged,Q31_9,It is important to vote in federal elections,,,Disagree,3,8,5,3,2,12,3,9,2
Alienated and (Dis)Engaged,Q31_9,It is important to vote in federal elections,,,Strongly disagree,2,2,4,3,,2,2,3,2
Alienated and (Dis)Engaged,Q31_9,It is important to vote in federal elections,,,Don't know,3,2,2,4,,4,0,2,1
Alienated and (Dis)Engaged,Q30,How much power do you believe each of the following has in influencing policy change in the United States?,Q30_1,Average Americans,A lot,13,17,13,16,7,15,20,15,25
Alienated and (Dis)Engaged,Q30,How much power do you believe each of the following has in influencing policy change in the United States?,Q30_1,Average Americans,Some,30,30,28,31,31,29,22,32,33
Alienated and (Dis)Engaged,Q30,How much power do you believe each of the following has in influencing policy change in the United States?,Q30_1,Average Americans,Not much,38,36,40,30,47,40,47,36,23
Alienated and (Dis)Engaged,Q30,How much power do you believe each of the following has in influencing policy change in the United States?,Q30_1,Average Americans,None at all,15,14,14,19,14,12,11,16,18
Alienated and (Dis)Engaged,Q30,How much power do you believe each of the following has in influencing policy change in the United States?,Q30_1,Average Americans,Don't know,4,3,5,3,2,5,0,2,1
Alienated and (Dis)Engaged,Q30,How much power do you believe each of the following has in influencing policy change in the United States?,Q30_2,A few elites,A lot,48,45,47,48,52,44,62,41,49
Alienated and (Dis)Engaged,Q30,How much power do you believe each of the following has in influencing policy change in the United States?,Q30_2,A few elites,Some,31,33,29,28,32,27,25,36,41
Alienated and (Dis)Engaged,Q30,How much power do you believe each of the following has in influencing policy change in the United States?,Q30_2,A few elites,Not much,9,12,13,12,8,13,7,16,5
Alienated and (Dis)Engaged,Q30,How much power do you believe each of the following has in influencing policy change in the United States?,Q30_2,A few elites,None at all,5,5,5,7,4,7,4,5,5
Alienated and (Dis)Engaged,Q30,How much power do you believe each of the following has in influencing policy change in the United States?,Q30_2,A few elites,Don't know,6,4,7,6,4,10,1,3,1
Alienated and (Dis)Engaged,Q30,How much power do you believe each of the following has in influencing policy change in the United States?,Q30_3,Wealthy individuals and large donors,A lot,56,49,51,52,62,47,66,44,60
Alienated and (Dis)Engaged,Q30,How much power do you believe each of the following has in influencing policy change in the United States?,Q30_3,Wealthy individuals and large donors,Some,27,31,28,28,28,31,26,33,32
Alienated and (Dis)Engaged,Q30,How much power do you believe each of the following has in influencing policy change in the United States?,Q30_3,Wealthy individuals and large donors,Not much,7,12,9,7,6,11,6,16,5
Alienated and (Dis)Engaged,Q30,How much power do you believe each of the following has in influencing policy change in the United States?,Q30_3,Wealthy individuals and large donors,None at all,5,5,7,8,2,5,3,6,2
Alienated and (Dis)Engaged,Q30,How much power do you believe each of the following has in influencing policy change in the United States?,Q30_3,Wealthy individuals and large donors,Don't know,5,3,5,4,2,5,0,2,1
Alienated and (Dis)Engaged,Q30,How much power do you believe each of the following has in influencing policy change in the United States?,Q30_4,Large corporations,A lot,52,48,48,53,56,49,63,42,54
Alienated and (Dis)Engaged,Q30,How much power do you believe each of the following has in influencing policy change in the United States?,Q30_4,Large corporations,Some,31,31,30,30,32,30,29,32,35
Alienated and (Dis)Engaged,Q30,How much power do you believe each of the following has in influencing policy change in the United States?,Q30_4,Large corporations,Not much,8,13,13,7,7,13,5,17,9
Alienated and (Dis)Engaged,Q30,How much power do you believe each of the following has in influencing policy change in the United States?,Q30_4,Large corporations,None at all,4,4,4,6,2,3,1,5,3
Alienated and (Dis)Engaged,Q30,How much power do you believe each of the following has in influencing policy change in the United States?,Q30_4,Large corporations,Don't know,4,3,4,5,3,5,2,4,1
Alienated and (Dis)Engaged,Q30,How much power do you believe each of the following has in influencing policy change in the United States?,Q30_5,Elected politicians,A lot,44,41,42,39,49,38,51,38,51
Alienated and (Dis)Engaged,Q30,How much power do you believe each of the following has in influencing policy change in the United States?,Q30_5,Elected politicians,Some,37,36,36,40,37,34,35,38,35
Alienated and (Dis)Engaged,Q30,How much power do you believe each of the following has in influencing policy change in the United States?,Q30_5,Elected politicians,Not much,10,15,12,9,8,17,9,16,8
Alienated and (Dis)Engaged,Q30,How much power do you believe each of the following has in influencing policy change in the United States?,Q30_5,Elected politicians,None at all,5,5,5,7,3,4,4,6,4
Alienated and (Dis)Engaged,Q30,How much power do you believe each of the following has in influencing policy change in the United States?,Q30_5,Elected politicians,Don't know,5,4,5,4,3,7,1,3,3
Alienated and (Dis)Engaged,Q30,How much power do you believe each of the following has in influencing policy change in the United States?,Q30_6,Lobbies or special interest groups,A lot,39,30,26,41,51,32,38,24,43
Alienated and (Dis)Engaged,Q30,How much power do you believe each of the following has in influencing policy change in the United States?,Q30_6,Lobbies or special interest groups,Some,38,40,38,37,34,37,38,42,42
Alienated and (Dis)Engaged,Q30,How much power do you believe each of the following has in influencing policy change in the United States?,Q30_6,Lobbies or special interest groups,Not much,12,17,23,12,8,15,15,22,9
Alienated and (Dis)Engaged,Q30,How much power do you believe each of the following has in influencing policy change in the United States?,Q30_6,Lobbies or special interest groups,None at all,5,6,6,5,3,7,5,5,5
Alienated and (Dis)Engaged,Q30,How much power do you believe each of the following has in influencing policy change in the United States?,Q30_6,Lobbies or special interest groups,Don't know,6,6,6,5,4,9,5,7,2
Alienated and (Dis)Engaged,Q30,How much power do you believe each of the following has in influencing policy change in the United States?,Q30_7,Community organizations/ Non-Profits,A lot,13,13,14,13,10,11,14,11,26
Alienated and (Dis)Engaged,Q30,How much power do you believe each of the following has in influencing policy change in the United States?,Q30_7,Community organizations/ Non-Profits,Some,43,43,39,46,46,43,44,43,42
Alienated and (Dis)Engaged,Q30,How much power do you believe each of the following has in influencing policy change in the United States?,Q30_7,Community organizations/ Non-Profits,Not much,30,30,32,25,35,30,30,34,20
Alienated and (Dis)Engaged,Q30,How much power do you believe each of the following has in influencing policy change in the United States?,Q30_7,Community organizations/ Non-Profits,None at all,8,8,9,10,5,8,9,8,11
Alienated and (Dis)Engaged,Q30,How much power do you believe each of the following has in influencing policy change in the United States?,Q30_7,Community organizations/ Non-Profits,Don't know,6,5,5,5,4,8,4,5,1
Alienated and (Dis)Engaged,Q32,Which of the following statements comes closest to your views?,,,The design and structure of our nation’s government is fine as long as we elect the right people to represent us,49,46,45,51,59,46,33,49,43
Alienated and (Dis)Engaged,Q32,Which of the following statements comes closest to your views?,,,The design and structure of our nation’s government needs significant changes no matter who we elect to represent us,51,55,55,49,41,54,67,51,57
Alienated and (Dis)Engaged,Q29,"When it comes to how problems are addressed, how much influence, if any, do you think ordinary people have…",Q29_1,At the national level,A lot of influence,14,18,17,17,8,16,16,17,26
Alienated and (Dis)Engaged,Q29,"When it comes to how problems are addressed, how much influence, if any, do you think ordinary people have…",Q29_1,At the national level,Some influence,29,31,28,33,24,28,33,31,36
Alienated and (Dis)Engaged,Q29,"When it comes to how problems are addressed, how much influence, if any, do you think ordinary people have…",Q29_1,At the national level,A little influence,30,28,27,24,39,32,25,32,15
Alienated and (Dis)Engaged,Q29,"When it comes to how problems are addressed, how much influence, if any, do you think ordinary people have…",Q29_1,At the national level,No  influence at all,23,18,23,21,28,17,25,16,23
Alienated and (Dis)Engaged,Q29,"When it comes to how problems are addressed, how much influence, if any, do you think ordinary people have…",Q29_1,At the national level,Don't know,4,4,5,5,1,7,2,4,0
Alienated and (Dis)Engaged,Q29,"When it comes to how problems are addressed, how much influence, if any, do you think ordinary people have…",Q29_2,In local communities,A lot of influence,22,24,27,26,17,19,32,23,29
Alienated and (Dis)Engaged,Q29,"When it comes to how problems are addressed, how much influence, if any, do you think ordinary people have…",Q29_2,In local communities,Some influence,42,44,39,43,41,44,40,45,44
Alienated and (Dis)Engaged,Q29,"When it comes to how problems are addressed, how much influence, if any, do you think ordinary people have…",Q29_2,In local communities,A little influence,23,20,22,18,28,23,16,21,16
Alienated and (Dis)Engaged,Q29,"When it comes to how problems are addressed, how much influence, if any, do you think ordinary people have…",Q29_2,In local communities,No  influence at all,9,10,8,9,13,9,11,9,11
Alienated and (Dis)Engaged,Q29,"When it comes to how problems are addressed, how much influence, if any, do you think ordinary people have…",Q29_2,In local communities,Don't know,4,3,4,4,1,5,2,3,0
Alienated and (Dis)Engaged,Q28,"How often, if at all, have you done the following in the last twelve months",Q28_1,Volunteered in your community,Often,11,10,12,14,8,6,12,8,22
Alienated and (Dis)Engaged,Q28,"How often, if at all, have you done the following in the last twelve months",Q28_1,Volunteered in your community,Sometimes,33,34,33,32,25,31,29,36,36
Alienated and (Dis)Engaged,Q28,"How often, if at all, have you done the following in the last twelve months",Q28_1,Volunteered in your community,Hardly ever,21,26,23,20,20,30,23,29,17
Alienated and (Dis)Engaged,Q28,"How often, if at all, have you done the following in the last twelve months",Q28_1,Volunteered in your community,Never,36,30,32,34,48,34,36,28,25
Alienated and (Dis)Engaged,Q28,"How often, if at all, have you done the following in the last twelve months",Q28_2,Attended a non-political community event such as a fair or sports program,Often,10,12,14,14,5,11,14,11,14
Alienated and (Dis)Engaged,Q28,"How often, if at all, have you done the following in the last twelve months",Q28_2,Attended a non-political community event such as a fair or sports program,Sometimes,35,34,32,42,29,32,34,31,42
Alienated and (Dis)Engaged,Q28,"How often, if at all, have you done the following in the last twelve months",Q28_2,Attended a non-political community event such as a fair or sports program,Hardly ever,19,25,20,13,22,24,21,27,20
Alienated and (Dis)Engaged,Q28,"How often, if at all, have you done the following in the last twelve months",Q28_2,Attended a non-political community event such as a fair or sports program,Never,36,30,34,32,44,33,31,31,23
Alienated and (Dis)Engaged,Q28,"How often, if at all, have you done the following in the last twelve months",Q28_3,Attended a local government event such as a town hall or board of education meeting,Often,5,7,6,8,2,2,12,5,17
Alienated and (Dis)Engaged,Q28,"How often, if at all, have you done the following in the last twelve months",Q28_3,Attended a local government event such as a town hall or board of education meeting,Sometimes,19,22,21,20,15,14,19,24,33
Alienated and (Dis)Engaged,Q28,"How often, if at all, have you done the following in the last twelve months",Q28_3,Attended a local government event such as a town hall or board of education meeting,Hardly ever,19,21,19,21,18,24,11,23,13
Alienated and (Dis)Engaged,Q28,"How often, if at all, have you done the following in the last twelve months",Q28_3,Attended a local government event such as a town hall or board of education meeting,Never,57,51,55,51,65,60,58,48,36
Alienated and (Dis)Engaged,Q28,"How often, if at all, have you done the following in the last twelve months",Q28_4,Participated in a protest,Often,4,6,7,8,2,3,10,4,14
Alienated and (Dis)Engaged,Q28,"How often, if at all, have you done the following in the last twelve months",Q28_4,Participated in a protest,Sometimes,15,18,21,17,7,13,14,18,31
Alienated and (Dis)Engaged,Q28,"How often, if at all, have you done the following in the last twelve months",Q28_4,Participated in a protest,Hardly ever,13,20,14,14,11,18,16,24,14
Alienated and (Dis)Engaged,Q28,"How often, if at all, have you done the following in the last twelve months",Q28_4,Participated in a protest,Never,67,56,58,61,80,66,60,54,41
Alienated and (Dis)Engaged,Q28,"How often, if at all, have you done the following in the last twelve months",Q28_5,Had a conversation with another individual about political or social issues,Often,23,19,21,21,22,19,24,16,23
Alienated and (Dis)Engaged,Q28,"How often, if at all, have you done the following in the last twelve months",Q28_5,Had a conversation with another individual about political or social issues,Sometimes,45,45,43,44,44,43,43,46,50
Alienated and (Dis)Engaged,Q28,"How often, if at all, have you done the following in the last twelve months",Q28_5,Had a conversation with another individual about political or social issues,Hardly ever,17,21,20,19,17,23,23,20,16
Alienated and (Dis)Engaged,Q28,"How often, if at all, have you done the following in the last twelve months",Q28_5,Had a conversation with another individual about political or social issues,Never,15,16,16,15,17,15,11,18,11
Alienated and (Dis)Engaged,Q28,"How often, if at all, have you done the following in the last twelve months",Q28_6,Attended a religious service,Often,25,18,19,24,22,14,18,17,26
Alienated and (Dis)Engaged,Q28,"How often, if at all, have you done the following in the last twelve months",Q28_6,Attended a religious service,Sometimes,25,29,27,23,16,29,24,28,35
Alienated and (Dis)Engaged,Q28,"How often, if at all, have you done the following in the last twelve months",Q28_6,Attended a religious service,Hardly ever,23,27,25,26,23,29,24,30,18
Alienated and (Dis)Engaged,Q28,"How often, if at all, have you done the following in the last twelve months",Q28_6,Attended a religious service,Never,27,26,29,26,39,28,35,25,21
Alienated and (Dis)Engaged,Q28,"How often, if at all, have you done the following in the last twelve months",Q28_7,Reached out directly to your elected representatives or their legislative staff,Often,6,7,7,8,3,6,8,5,14
Alienated and (Dis)Engaged,Q28,"How often, if at all, have you done the following in the last twelve months",Q28_7,Reached out directly to your elected representatives or their legislative staff,Sometimes,18,21,17,19,18,13,19,22,33
Alienated and (Dis)Engaged,Q28,"How often, if at all, have you done the following in the last twelve months",Q28_7,Reached out directly to your elected representatives or their legislative staff,Hardly ever,20,21,23,21,19,22,14,23,15
Alienated and (Dis)Engaged,Q28,"How often, if at all, have you done the following in the last twelve months",Q28_7,Reached out directly to your elected representatives or their legislative staff,Never,56,52,52,52,60,60,59,49,38
Alienated and (Dis)Engaged,Q28,"How often, if at all, have you done the following in the last twelve months",Q28_8,Donated money to a political campaign or cause,Often,6,8,6,8,3,4,7,8,13
Alienated and (Dis)Engaged,Q28,"How often, if at all, have you done the following in the last twelve months",Q28_8,Donated money to a political campaign or cause,Sometimes,20,23,24,22,16,16,25,22,35
Alienated and (Dis)Engaged,Q28,"How often, if at all, have you done the following in the last twelve months",Q28_8,Donated money to a political campaign or cause,Hardly ever,18,21,19,20,16,21,13,24,17
Alienated and (Dis)Engaged,Q28,"How often, if at all, have you done the following in the last twelve months",Q28_8,Donated money to a political campaign or cause,Never,56,49,51,51,64,58,55,46,35
Alienated and (Dis)Engaged,Q28,"How often, if at all, have you done the following in the last twelve months",Q28_9,Shared or posted online advocating for a political position or opinion,Often,10,11,14,12,9,8,16,8,22
Alienated and (Dis)Engaged,Q28,"How often, if at all, have you done the following in the last twelve months",Q28_9,Shared or posted online advocating for a political position or opinion,Sometimes,26,31,26,31,15,25,28,33,37
Alienated and (Dis)Engaged,Q28,"How often, if at all, have you done the following in the last twelve months",Q28_9,Shared or posted online advocating for a political position or opinion,Hardly ever,17,21,19,16,15,23,12,25,14
Alienated and (Dis)Engaged,Q28,"How often, if at all, have you done the following in the last twelve months",Q28_9,Shared or posted online advocating for a political position or opinion,Never,47,37,41,41,60,44,44,34,27
Alienated and (Dis)Engaged,Q28,"How often, if at all, have you done the following in the last twelve months",Q28_9,Shared or posted online advocating for a political position or opinion,VOTE2028. What are the chances that you will vote in the November 2028 presidential election?,,,,,,,,,
Alienated and (Dis)Engaged,Q28,"How often, if at all, have you done the following in the last twelve months",Q28_9,Shared or posted online advocating for a political position or opinion,Absolutely certain to vote,64,43,46,62,82,45,51,41,44
Alienated and (Dis)Engaged,Q28,"How often, if at all, have you done the following in the last twelve months",Q28_9,Shared or posted online advocating for a political position or opinion,Very likely to vote,15,24,24,17,9,25,12,25,25
Alienated and (Dis)Engaged,Q28,"How often, if at all, have you done the following in the last twelve months",Q28_9,Shared or posted online advocating for a political position or opinion,Chances are 50-50,11,22,17,10,4,19,25,22,24
Alienated and (Dis)Engaged,Q28,"How often, if at all, have you done the following in the last twelve months",Q28_9,Shared or posted online advocating for a political position or opinion,Don't think I will vote,7,8,11,9,3,8,10,9,7
Alienated and (Dis)Engaged,Q28,"How often, if at all, have you done the following in the last twelve months",Q28_9,Shared or posted online advocating for a political position or opinion,Not eligible to vote,3,3,3,2,3,3,2,4,0
