section,qId,question,sId,subpart,response,All Respondents,Young men,Young women,Men 35-54,Men 55+,Relational/trusting,Relational/distrusting,Self-driven/trusting,Self-driven/distrusting,"Young men, no degree and not currently enrolled","Young men, college degree"
Degrees of Doubt,Q11,"Compared with 10 years ago, how important would you say it is for someone to have a four-year college degree in order to get a well-paying job?",,,More important today than 10 years ago,27,29,27,,,29,21,28,38,25,33
Degrees of Doubt,Q11,"Compared with 10 years ago, how important would you say it is for someone to have a four-year college degree in order to get a well-paying job?",,,Less important today than 10 years ago,37,39,40,,,36,48,39,36,44,33
Degrees of Doubt,Q11,"Compared with 10 years ago, how important would you say it is for someone to have a four-year college degree in order to get a well-paying job?",,,About as important,29,28,26,,,28,29,30,22,24,32
Degrees of Doubt,Q11,"Compared with 10 years ago, how important would you say it is for someone to have a four-year college degree in order to get a well-paying job?",,,I don't know [ANCHOR],7,5,7,,,7,3,4,5,7,2
Degrees of Doubt,Q9_3,Which of the following statements comes closest to your views?,,,"In 10 years, a college degree will be necessary to get a good job",46,50,45,,,53,40,51,48,42,58
Degrees of Doubt,Q9_3,Which of the following statements comes closest to your views?,,,"In 10 years, a college degree will not be as important for getting a good job.",54,50,55,,,47,60,49,52,58,42
Degrees of Doubt,Q9_4,Which of the following statements comes closest to your views?,,,A college education is a questionable investment because of high student loans and limited job opportunities,51,53,57,,,49,64,51,59,63,42
Degrees of Doubt,Q9_4,Which of the following statements comes closest to your views?,,,A college education is still the best investment for people who want to get ahead and succeed,49,47,43,,,51,36,49,41,37,58
Degrees of Doubt,Q10_12,Colleges are stuck in the past and are not aligning with the needs of the future workplace.,,,Strongly agree,17,17,18,,,10,23,13,38,17,17
Degrees of Doubt,Q10_12,Colleges are stuck in the past and are not aligning with the needs of the future workplace.,,,Somewhat agree,31,38,34,,,39,37,38,33,35,40
Degrees of Doubt,Q10_12,Colleges are stuck in the past and are not aligning with the needs of the future workplace.,,,Somewhat disagree,24,26,22,,,31,25,25,19,27,25
Degrees of Doubt,Q10_12,Colleges are stuck in the past and are not aligning with the needs of the future workplace.,,,Strongly disagree,16,11,13,,,11,8,14,7,10,13
Degrees of Doubt,Q10_12,Colleges are stuck in the past and are not aligning with the needs of the future workplace.,,,Don't know,12,8,12,,,10,7,9,3,11,5
Degrees of Doubt,Q9_1,Which of the following statements comes closest to your views?,,,Colleges and universities mostly care about making money,55,58,64,,,53,68,58,64,60,56
Degrees of Doubt,Q9_1,Which of the following statements comes closest to your views?,,,Colleges and universities mostly care about educating their students,45,42,36,,,47,32,42,36,40,44
Degrees of Doubt,Q10_6,Colleges in the United States are designed to benefit women more than men,,,Strongly agree,9,13,9,,,11,12,12,20,10,17
Degrees of Doubt,Q10_6,Colleges in the United States are designed to benefit women more than men,,,Somewhat agree,16,25,18,,,17,21,29,33,26,24
Degrees of Doubt,Q10_6,Colleges in the United States are designed to benefit women more than men,,,Somewhat disagree,26,25,26,,,26,25,27,17,26,23
Degrees of Doubt,Q10_6,Colleges in the United States are designed to benefit women more than men,,,Strongly disagree,35,24,33,,,28,33,22,18,24,25
Degrees of Doubt,Q10_6,Colleges in the United States are designed to benefit women more than men,,,Don't know,14,13,15,,,17,9,11,12,14,11
Degrees of Doubt,Q10_1,Men should have jobs that require physical labor,,,Strongly agree,11,15,12,,,11,19,11,32,15,15
Degrees of Doubt,Q10_1,Men should have jobs that require physical labor,,,Somewhat agree,21,28,21,,,23,27,32,27,29,28
Degrees of Doubt,Q10_1,Men should have jobs that require physical labor,,,Somewhat disagree,28,31,30,,,33,29,33,22,30,32
Degrees of Doubt,Q10_1,Men should have jobs that require physical labor,,,Strongly disagree,29,18,28,,,22,22,15,14,16,20
Degrees of Doubt,Q10_1,Men should have jobs that require physical labor,,,Don't know,10,7,9,,,11,3,8,5,9,5
Degrees of Doubt,Q10_11,"Colleges push liberal political views, and those with opposing views are not welcome.",,,Strongly agree,21,20,17,,,16,23,18,32,19,20
Degrees of Doubt,Q10_11,"Colleges push liberal political views, and those with opposing views are not welcome.",,,Somewhat agree,26,30,26,,,27,30,31,36,30,31
Degrees of Doubt,Q10_11,"Colleges push liberal political views, and those with opposing views are not welcome.",,,Somewhat disagree,18,23,20,,,24,17,28,14,22,25
Degrees of Doubt,Q10_11,"Colleges push liberal political views, and those with opposing views are not welcome.",,,Strongly disagree,22,15,25,,,18,20,15,9,13,18
Degrees of Doubt,Q10_11,"Colleges push liberal political views, and those with opposing views are not welcome.",,,Don't know,13,11,13,,,15,10,9,10,15,6
Degrees of Doubt,Q10_3,It is now more socially acceptable for men to choose not to pursue a college degree than it was a few years ago.,,,Strongly agree,20,25,22,,,23,24,20,43,22,28
Degrees of Doubt,Q10_3,It is now more socially acceptable for men to choose not to pursue a college degree than it was a few years ago.,,,Somewhat agree,40,42,40,,,42,50,41,37,40,44
Degrees of Doubt,Q10_3,It is now more socially acceptable for men to choose not to pursue a college degree than it was a few years ago.,,,Somewhat disagree,16,16,17,,,14,9,23,7,16,16
Degrees of Doubt,Q10_3,It is now more socially acceptable for men to choose not to pursue a college degree than it was a few years ago.,,,Strongly disagree,9,7,8,,,6,6,9,5,8,7
Degrees of Doubt,Q10_3,It is now more socially acceptable for men to choose not to pursue a college degree than it was a few years ago.,,,Don't know,15,10,13,,,15,12,7,7,14,6
Degrees of Doubt,Q10_7,Technology and social media are making it easier for people to be successful without a college degree,,,Strongly agree,30,37,37,,,33,49,35,43,36,38
Degrees of Doubt,Q10_7,Technology and social media are making it easier for people to be successful without a college degree,,,Somewhat agree,43,41,41,,,43,42,41,38,39,44
Degrees of Doubt,Q10_7,Technology and social media are making it easier for people to be successful without a college degree,,,Somewhat disagree,13,11,13,,,11,5,13,11,10,12
Degrees of Doubt,Q10_7,Technology and social media are making it easier for people to be successful without a college degree,,,Strongly disagree,6,6,4,,,6,3,7,4,7,4
Degrees of Doubt,Q10_7,Technology and social media are making it easier for people to be successful without a college degree,,,Don't know,7,4,4,,,7,1,4,5,7,1
Degrees of Doubt,Q12,"In general, how likely is it that someone who has the following could get a well-paying job in today’s economy?",Q12_1,"Master’s degree, PhD or other post graduate degrees",Very likely,53,56,54,,,56,74,53,54,52,60
Degrees of Doubt,Q12,"In general, how likely is it that someone who has the following could get a well-paying job in today’s economy?",Q12_1,"Master’s degree, PhD or other post graduate degrees",Somewhat likely,31,27,27,,,26,19,29,29,27,27
Degrees of Doubt,Q12,"In general, how likely is it that someone who has the following could get a well-paying job in today’s economy?",Q12_1,"Master’s degree, PhD or other post graduate degrees",Not too likley,8,9,11,,,11,4,8,10,11,7
Degrees of Doubt,Q12,"In general, how likely is it that someone who has the following could get a well-paying job in today’s economy?",Q12_1,"Master’s degree, PhD or other post graduate degrees",Not at all likely,3,5,4,,,3,4,7,3,6,4
Degrees of Doubt,Q12,"In general, how likely is it that someone who has the following could get a well-paying job in today’s economy?",Q12_1,"Master’s degree, PhD or other post graduate degrees",Don't know,5,3,4,,,4,0,3,4,4,2
Degrees of Doubt,Q12,"In general, how likely is it that someone who has the following could get a well-paying job in today’s economy?",Q12_2,Bachelor's degree from a 4-year college,Very likely,40,42,43,,,41,43,43,42,42,43
Degrees of Doubt,Q12,"In general, how likely is it that someone who has the following could get a well-paying job in today’s economy?",Q12_2,Bachelor's degree from a 4-year college,Somewhat likely,43,40,38,,,42,49,37,40,37,44
Degrees of Doubt,Q12,"In general, how likely is it that someone who has the following could get a well-paying job in today’s economy?",Q12_2,Bachelor's degree from a 4-year college,Not too likley,8,10,10,,,11,4,11,10,11,9
Degrees of Doubt,Q12,"In general, how likely is it that someone who has the following could get a well-paying job in today’s economy?",Q12_2,Bachelor's degree from a 4-year college,Not at all likely,3,4,6,,,2,4,6,4,5,2
Degrees of Doubt,Q12,"In general, how likely is it that someone who has the following could get a well-paying job in today’s economy?",Q12_2,Bachelor's degree from a 4-year college,Don't know,5,3,3,,,5,0,3,4,4,2
Degrees of Doubt,Q12,"In general, how likely is it that someone who has the following could get a well-paying job in today’s economy?",Q12_3,Associate degree from a 2-year college,Very likely,27,27,26,,,21,33,27,35,28,26
Degrees of Doubt,Q12,"In general, how likely is it that someone who has the following could get a well-paying job in today’s economy?",Q12_3,Associate degree from a 2-year college,Somewhat likely,49,46,45,,,53,50,42,44,48,44
Degrees of Doubt,Q12,"In general, how likely is it that someone who has the following could get a well-paying job in today’s economy?",Q12_3,Associate degree from a 2-year college,Not too likley,15,18,17,,,19,13,20,14,13,24
Degrees of Doubt,Q12,"In general, how likely is it that someone who has the following could get a well-paying job in today’s economy?",Q12_3,Associate degree from a 2-year college,Not at all likely,4,4,7,,,2,1,7,4,4,5
Degrees of Doubt,Q12,"In general, how likely is it that someone who has the following could get a well-paying job in today’s economy?",Q12_3,Associate degree from a 2-year college,Don't know,5,4,5,,,6,3,3,2,6,1
Degrees of Doubt,Q12,"In general, how likely is it that someone who has the following could get a well-paying job in today’s economy?",Q12_4,Diploma or certificate from a trade school,Very likely,43,37,38,,,36,46,33,45,38,36
Degrees of Doubt,Q12,"In general, how likely is it that someone who has the following could get a well-paying job in today’s economy?",Q12_4,Diploma or certificate from a trade school,Somewhat likely,42,44,44,,,47,45,43,43,42,46
Degrees of Doubt,Q12,"In general, how likely is it that someone who has the following could get a well-paying job in today’s economy?",Q12_4,Diploma or certificate from a trade school,Not too likley,7,10,10,,,10,5,13,7,11,9
Degrees of Doubt,Q12,"In general, how likely is it that someone who has the following could get a well-paying job in today’s economy?",Q12_4,Diploma or certificate from a trade school,Not at all likely,3,4,6,,,3,2,7,2,4,5
Degrees of Doubt,Q12,"In general, how likely is it that someone who has the following could get a well-paying job in today’s economy?",Q12_4,Diploma or certificate from a trade school,Don't know,5,4,3,,,5,2,5,3,5,4
Degrees of Doubt,Q12,"In general, how likely is it that someone who has the following could get a well-paying job in today’s economy?",Q12_5,High school diploma,Very likely,24,28,28,,,23,36,27,37,31,25
Degrees of Doubt,Q12,"In general, how likely is it that someone who has the following could get a well-paying job in today’s economy?",Q12_5,High school diploma,Somewhat likely,34,36,34,,,43,37,34,30,40,32
Degrees of Doubt,Q12,"In general, how likely is it that someone who has the following could get a well-paying job in today’s economy?",Q12_5,High school diploma,Not too likley,30,25,26,,,29,25,26,19,22,29
Degrees of Doubt,Q12,"In general, how likely is it that someone who has the following could get a well-paying job in today’s economy?",Q12_5,High school diploma,Not at all likely,7,7,7,,,4,2,10,10,4,11
Degrees of Doubt,Q12,"In general, how likely is it that someone who has the following could get a well-paying job in today’s economy?",Q12_5,High school diploma,Don't know,4,1,5,,,2,0,3,4,3,2
Degrees of Doubt,Q6,How much pressure did you feel from each of the following to pursue a college degree?,Q6_1,Your mother or female guardian,A lot,31,39,42,,,33,42,31,52,30,43
Degrees of Doubt,Q6,How much pressure did you feel from each of the following to pursue a college degree?,Q6_1,Your mother or female guardian,Some,25,28,26,,,26,22,31,23,25,31
Degrees of Doubt,Q6,How much pressure did you feel from each of the following to pursue a college degree?,Q6_1,Your mother or female guardian,Not much,13,17,12,,,23,19,15,9,19,14
Degrees of Doubt,Q6,How much pressure did you feel from each of the following to pursue a college degree?,Q6_1,Your mother or female guardian,Not at all,26,15,14,,,12,15,18,10,20,9
Degrees of Doubt,Q6,How much pressure did you feel from each of the following to pursue a college degree?,Q6_1,Your mother or female guardian,I don't remember,2,3,2,,,5,1,3,2,4,2
Degrees of Doubt,Q6,How much pressure did you feel from each of the following to pursue a college degree?,Q6_1,Your mother or female guardian,I didn't have someone like this in my life,3,2,4,,,2,1,2,4,3,2
Degrees of Doubt,Q6,How much pressure did you feel from each of the following to pursue a college degree?,Q6_2,Your father or male guardian,A lot,26,30,29,,,25,35,27,45,21,39
Degrees of Doubt,Q6,How much pressure did you feel from each of the following to pursue a college degree?,Q6_2,Your father or male guardian,Some,24,26,25,,,25,19,28,25,24,27
Degrees of Doubt,Q6,How much pressure did you feel from each of the following to pursue a college degree?,Q6_2,Your father or male guardian,Not much,13,18,16,,,23,17,17,10,20,15
Degrees of Doubt,Q6,How much pressure did you feel from each of the following to pursue a college degree?,Q6_2,Your father or male guardian,Not at all,28,19,20,,,18,19,21,14,24,14
Degrees of Doubt,Q6,How much pressure did you feel from each of the following to pursue a college degree?,Q6_2,Your father or male guardian,I don't remember,3,2,4,,,3,0,3,1,3,2
Degrees of Doubt,Q6,How much pressure did you feel from each of the following to pursue a college degree?,Q6_2,Your father or male guardian,I didn't have someone like this in my life,7,6,8,,,7,12,4,6,8,3
Degrees of Doubt,Q6,How much pressure did you feel from each of the following to pursue a college degree?,Q6_3,Your high school teachers,A lot,22,27,28,,,27,31,23,33,25,28
Degrees of Doubt,Q6,How much pressure did you feel from each of the following to pursue a college degree?,Q6_3,Your high school teachers,Some,30,32,29,,,33,35,32,30,30,35
Degrees of Doubt,Q6,How much pressure did you feel from each of the following to pursue a college degree?,Q6_3,Your high school teachers,Not much,16,21,21,,,20,13,22,22,20,21
Degrees of Doubt,Q6,How much pressure did you feel from each of the following to pursue a college degree?,Q6_3,Your high school teachers,Not at all,25,15,17,,,11,14,17,13,17,12
Degrees of Doubt,Q6,How much pressure did you feel from each of the following to pursue a college degree?,Q6_3,Your high school teachers,I don't remember,4,3,3,,,6,4,2,1,5,2
Degrees of Doubt,Q6,How much pressure did you feel from each of the following to pursue a college degree?,Q6_3,Your high school teachers,I didn't have someone like this in my life,3,2,2,,,2,3,3,2,3,2
Degrees of Doubt,Q6,How much pressure did you feel from each of the following to pursue a college degree?,Q6_4,Your high school guidance counselors or advisors,A lot,21,24,29,,,21,33,20,38,22,27
Degrees of Doubt,Q6,How much pressure did you feel from each of the following to pursue a college degree?,Q6_4,Your high school guidance counselors or advisors,Some,27,33,29,,,34,31,35,26,32,34
Degrees of Doubt,Q6,How much pressure did you feel from each of the following to pursue a college degree?,Q6_4,Your high school guidance counselors or advisors,Not much,16,21,16,,,23,14,22,18,21,20
Degrees of Doubt,Q6,How much pressure did you feel from each of the following to pursue a college degree?,Q6_4,Your high school guidance counselors or advisors,Not at all,25,16,17,,,15,14,17,15,17,14
Degrees of Doubt,Q6,How much pressure did you feel from each of the following to pursue a college degree?,Q6_4,Your high school guidance counselors or advisors,I don't remember,5,3,2,,,3,5,3,2,3,3
Degrees of Doubt,Q6,How much pressure did you feel from each of the following to pursue a college degree?,Q6_4,Your high school guidance counselors or advisors,I didn't have someone like this in my life,6,4,7,,,5,3,4,2,5,2
Degrees of Doubt,Q6,How much pressure did you feel from each of the following to pursue a college degree?,Q6_5,Your friends,A lot,13,16,18,,,13,12,17,25,13,20
Degrees of Doubt,Q6,How much pressure did you feel from each of the following to pursue a college degree?,Q6_5,Your friends,Some,27,31,28,,,33,33,28,33,29,33
Degrees of Doubt,Q6,How much pressure did you feel from each of the following to pursue a college degree?,Q6_5,Your friends,Not much,23,25,26,,,24,25,28,22,26,25
Degrees of Doubt,Q6,How much pressure did you feel from each of the following to pursue a college degree?,Q6_5,Your friends,Not at all,31,23,23,,,24,30,23,17,27,19
Degrees of Doubt,Q6,How much pressure did you feel from each of the following to pursue a college degree?,Q6_5,Your friends,I don't remember,3,3,3,,,5,0,2,2,4,1
Degrees of Doubt,Q6,How much pressure did you feel from each of the following to pursue a college degree?,Q6_5,Your friends,I didn't have someone like this in my life,3,2,4,,,2,0,3,2,3,1
Degrees of Doubt,Q6,How much pressure did you feel from each of the following to pursue a college degree?,Q6_6,Other family members,A lot,21,25,28,,,19,29,23,42,22,29
Degrees of Doubt,Q6,How much pressure did you feel from each of the following to pursue a college degree?,Q6_6,Other family members,Some,29,35,33,,,40,32,35,28,34,37
Degrees of Doubt,Q6,How much pressure did you feel from each of the following to pursue a college degree?,Q6_6,Other family members,Not much,17,16,18,,,16,14,17,14,16,15
Degrees of Doubt,Q6,How much pressure did you feel from each of the following to pursue a college degree?,Q6_6,Other family members,Not at all,26,18,16,,,17,19,20,13,21,14
Degrees of Doubt,Q6,How much pressure did you feel from each of the following to pursue a college degree?,Q6_6,Other family members,I don't remember,4,4,3,,,6,6,2,2,5,3
Degrees of Doubt,Q6,How much pressure did you feel from each of the following to pursue a college degree?,Q6_6,Other family members,I didn't have someone like this in my life,3,2,3,,,3,0,3,1,3,1
Degrees of Doubt,Q6,How much pressure did you feel from each of the following to pursue a college degree?,Q6_7,Society in general,A lot,21,30,40,,,28,29,29,39,26,34
Degrees of Doubt,Q6,How much pressure did you feel from each of the following to pursue a college degree?,Q6_7,Society in general,Some,29,29,28,,,30,37,26,26,24,33
Degrees of Doubt,Q6,How much pressure did you feel from each of the following to pursue a college degree?,Q6_7,Society in general,Not much,17,22,13,,,21,16,24,19,24,19
Degrees of Doubt,Q6,How much pressure did you feel from each of the following to pursue a college degree?,Q6_7,Society in general,Not at all,26,14,12,,,13,18,15,13,17,11
Degrees of Doubt,Q6,How much pressure did you feel from each of the following to pursue a college degree?,Q6_7,Society in general,I don't remember,3,3,3,,,4,0,3,3,4,2
Degrees of Doubt,Q6,How much pressure did you feel from each of the following to pursue a college degree?,Q6_7,Society in general,I didn't have someone like this in my life,4,3,4,,,4,0,3,2,4,1
Degrees of Doubt,Q6,How much pressure did you feel from each of the following to pursue a college degree?,Q6_8,Your sports or extracurricular coaches,A lot,11,16,13,,,15,15,14,26,14,18
Degrees of Doubt,Q6,How much pressure did you feel from each of the following to pursue a college degree?,Q6_8,Your sports or extracurricular coaches,Some,16,25,16,,,25,19,24,30,23,27
Degrees of Doubt,Q6,How much pressure did you feel from each of the following to pursue a college degree?,Q6_8,Your sports or extracurricular coaches,Not much,15,20,19,,,18,12,24,15,17,23
Degrees of Doubt,Q6,How much pressure did you feel from each of the following to pursue a college degree?,Q6_8,Your sports or extracurricular coaches,Not at all,34,26,29,,,25,30,28,19,27,24
Degrees of Doubt,Q6,How much pressure did you feel from each of the following to pursue a college degree?,Q6_8,Your sports or extracurricular coaches,I don't remember,3,3,4,,,4,5,2,1,4,1
Degrees of Doubt,Q6,How much pressure did you feel from each of the following to pursue a college degree?,Q6_8,Your sports or extracurricular coaches,I didn't have someone like this in my life,20,10,18,,,12,20,8,8,13,7
Degrees of Doubt,Q6,How much pressure did you feel from each of the following to pursue a college degree?,Q6_9,Other community members,A lot,10,14,15,,,10,17,13,19,11,17
Degrees of Doubt,Q6,How much pressure did you feel from each of the following to pursue a college degree?,Q6_9,Other community members,Some,22,28,27,,,27,25,27,37,24,33
Degrees of Doubt,Q6,How much pressure did you feel from each of the following to pursue a college degree?,Q6_9,Other community members,Not much,21,27,22,,,30,18,27,25,27,26
Degrees of Doubt,Q6,How much pressure did you feel from each of the following to pursue a college degree?,Q6_9,Other community members,Not at all,33,23,26,,,20,25,26,14,25,20
Degrees of Doubt,Q6,How much pressure did you feel from each of the following to pursue a college degree?,Q6_9,Other community members,I don't remember,5,4,4,,,5,7,3,3,6,2
Degrees of Doubt,Q6,How much pressure did you feel from each of the following to pursue a college degree?,Q6_9,Other community members,I didn't have someone like this in my life,8,5,8,,,7,8,3,2,7,2
Degrees of Doubt,Q3,Which of the following BEST describes how you thought about pursuing a college degree after completing high school?,,,"College was the next step, so I pursued a degree without seriously considering other options",52,48,54,,,44,43,50,55,26,72
Degrees of Doubt,Q3,Which of the following BEST describes how you thought about pursuing a college degree after completing high school?,,,"I did not think college was the right choice for me, so I never seriously considered pursuing a degree",20,22,11,,,24,24,20,21,37,6
Degrees of Doubt,Q3,Which of the following BEST describes how you thought about pursuing a college degree after completing high school?,,,I had difficulty deciding whether to pursue a college degree or not,18,24,26,,,24,31,24,21,29,19
Degrees of Doubt,Q3,Which of the following BEST describes how you thought about pursuing a college degree after completing high school?,,,I don’t recall well enough to say [ANCHOR],10,6,9,,,8,2,7,4,9,3
Degrees of Doubt,Q3,Which of the following BEST describes how you thought about pursuing a college degree after completing high school?,,,Strongly agree,16,23,28,,,14,26,24,43,23,
Degrees of Doubt,Q3,Which of the following BEST describes how you thought about pursuing a college degree after completing high school?,,,Somewhat agree,23,29,28,,,24,25,32,30,29,
Degrees of Doubt,Q3,Which of the following BEST describes how you thought about pursuing a college degree after completing high school?,,,Somewhat disagree,20,18,20,,,21,16,19,11,18,
Degrees of Doubt,Q3,Which of the following BEST describes how you thought about pursuing a college degree after completing high school?,,,Strongly disagree,37,22,19,,,28,25,21,13,22,
Degrees of Doubt,Q3,Which of the following BEST describes how you thought about pursuing a college degree after completing high school?,,,Don't know,5,7,4,,,12,9,5,3,7,
Degrees of Doubt,Q3,Which of the following BEST describes how you thought about pursuing a college degree after completing high school?,,,Strongly agree,34,33,45,,,25,38,34,47,33,
Degrees of Doubt,Q3,Which of the following BEST describes how you thought about pursuing a college degree after completing high school?,,,Somewhat agree,31,36,25,,,41,36,35,30,36,
Degrees of Doubt,Q3,Which of the following BEST describes how you thought about pursuing a college degree after completing high school?,,,Somewhat disagree,15,16,16,,,17,11,18,10,16,
Degrees of Doubt,Q3,Which of the following BEST describes how you thought about pursuing a college degree after completing high school?,,,Strongly disagree,14,8,9,,,5,9,10,6,8,
Degrees of Doubt,Q3,Which of the following BEST describes how you thought about pursuing a college degree after completing high school?,,,Don't know,5,7,5,,,12,6,3,6,7,
Degrees of Doubt,Q10_9,"After high school, I knew exactly what career or job I wanted to pursue",,,Strongly agree,22,20,20,,,16,24,18,32,18,23
Degrees of Doubt,Q10_9,"After high school, I knew exactly what career or job I wanted to pursue",,,Somewhat agree,28,35,25,,,32,32,38,34,29,42
Degrees of Doubt,Q10_9,"After high school, I knew exactly what career or job I wanted to pursue",,,Somewhat disagree,21,19,25,,,22,17,20,15,23,15
Degrees of Doubt,Q10_9,"After high school, I knew exactly what career or job I wanted to pursue",,,Strongly disagree,25,21,27,,,23,25,21,17,24,18
Degrees of Doubt,Q10_9,"After high school, I knew exactly what career or job I wanted to pursue",,,Don't know,4,4,3,,,7,2,3,2,6,1
Degrees of Doubt,Q10_8,"I had someone to turn to that listened to my concerns, provided helpful advice, and supported me as I navigated life after high school",,,Strongly agree,23,24,26,,,22,28,21,32,18,29
Degrees of Doubt,Q10_8,"I had someone to turn to that listened to my concerns, provided helpful advice, and supported me as I navigated life after high school",,,Somewhat agree,33,38,31,,,41,35,36,40,35,40
Degrees of Doubt,Q10_8,"I had someone to turn to that listened to my concerns, provided helpful advice, and supported me as I navigated life after high school",,,Somewhat disagree,19,23,19,,,22,18,25,21,26,20
Degrees of Doubt,Q10_8,"I had someone to turn to that listened to my concerns, provided helpful advice, and supported me as I navigated life after high school",,,Strongly disagree,19,11,18,,,10,13,13,7,12,10
Degrees of Doubt,Q10_8,"I had someone to turn to that listened to my concerns, provided helpful advice, and supported me as I navigated life after high school",,,Don't know,6,5,6,,,6,5,6,1,9,1
Degrees of Doubt,Q10_8,"I had someone to turn to that listened to my concerns, provided helpful advice, and supported me as I navigated life after high school",,,I could not afford to attend,38,28,38,,,31,,25,,29,
Degrees of Doubt,Q10_8,"I had someone to turn to that listened to my concerns, provided helpful advice, and supported me as I navigated life after high school",,,I preferred working full time to going to school,29,27,26,,,34,,23,,28,
Degrees of Doubt,Q10_8,"I had someone to turn to that listened to my concerns, provided helpful advice, and supported me as I navigated life after high school",,,I needed to work full-time to help support my family,24,23,24,,,19,,20,,23,
Degrees of Doubt,Q10_8,"I had someone to turn to that listened to my concerns, provided helpful advice, and supported me as I navigated life after high school",,,I didn’t have a clear idea of what I wanted to study in college,19,27,28,,,28,,26,,26,
Degrees of Doubt,Q10_8,"I had someone to turn to that listened to my concerns, provided helpful advice, and supported me as I navigated life after high school",,,"A trade school, certificate program, or apprenticeship was a better path for me",17,14,13,,,13,,16,,14,
Degrees of Doubt,Q10_8,"I had someone to turn to that listened to my concerns, provided helpful advice, and supported me as I navigated life after high school",,,I did not want to take out student loans,16,24,15,,,21,,28,,24,
Degrees of Doubt,Q10_8,"I had someone to turn to that listened to my concerns, provided helpful advice, and supported me as I navigated life after high school",,,A college degree does not guarantee a good job or career,15,16,9,,,8,,17,,14,
Degrees of Doubt,Q10_8,"I had someone to turn to that listened to my concerns, provided helpful advice, and supported me as I navigated life after high school",,,"A major life event (for example, medical emergency or becoming a parent) prevented me from going",14,11,16,,,10,,11,,11,
Degrees of Doubt,Q10_8,"I had someone to turn to that listened to my concerns, provided helpful advice, and supported me as I navigated life after high school",,,I wanted to pursue my own business or be self employed,10,19,11,,,13,,22,,19,
Degrees of Doubt,Q10_8,"I had someone to turn to that listened to my concerns, provided helpful advice, and supported me as I navigated life after high school",,,It takes too many years to complete a degree,9,18,11,,,16,,20,,19,
Degrees of Doubt,Q10_8,"I had someone to turn to that listened to my concerns, provided helpful advice, and supported me as I navigated life after high school",,,I didn’t pursue a degree for a different reason [OTHER SPECIFY],7,3,5,,,3,,3,,3,
Degrees of Doubt,Q10_8,"I had someone to turn to that listened to my concerns, provided helpful advice, and supported me as I navigated life after high school",,,I felt I could learn what I needed online or through other means,7,13,9,,,14,,12,,14,
Degrees of Doubt,Q10_8,"I had someone to turn to that listened to my concerns, provided helpful advice, and supported me as I navigated life after high school",,,I chose to join the military,6,4,5,,,6,,4,,3,
Degrees of Doubt,Q10_8,"I had someone to turn to that listened to my concerns, provided helpful advice, and supported me as I navigated life after high school",,,Strongly agree,20,19,24,,,17,23,17,26,19,
Degrees of Doubt,Q10_8,"I had someone to turn to that listened to my concerns, provided helpful advice, and supported me as I navigated life after high school",,,Somewhat agree,24,33,28,,,34,24,33,40,33,
Degrees of Doubt,Q10_8,"I had someone to turn to that listened to my concerns, provided helpful advice, and supported me as I navigated life after high school",,,Somewhat disagree,19,16,18,,,13,18,20,8,16,
Degrees of Doubt,Q10_8,"I had someone to turn to that listened to my concerns, provided helpful advice, and supported me as I navigated life after high school",,,Strongly disagree,29,21,23,,,21,21,23,18,21,
Degrees of Doubt,Q10_8,"I had someone to turn to that listened to my concerns, provided helpful advice, and supported me as I navigated life after high school",,,Don't know,7,10,7,,,14,15,8,8,10,
Degrees of Doubt,Q10_8,"I had someone to turn to that listened to my concerns, provided helpful advice, and supported me as I navigated life after high school",,,Strongly agree,19,18,23,,,14,14,17,34,18,
Degrees of Doubt,Q10_8,"I had someone to turn to that listened to my concerns, provided helpful advice, and supported me as I navigated life after high school",,,Somewhat agree,24,31,25,,,25,30,34,30,31,
Degrees of Doubt,Q10_8,"I had someone to turn to that listened to my concerns, provided helpful advice, and supported me as I navigated life after high school",,,Somewhat disagree,18,18,15,,,16,13,23,8,18,
Degrees of Doubt,Q10_8,"I had someone to turn to that listened to my concerns, provided helpful advice, and supported me as I navigated life after high school",,,Strongly disagree,22,16,19,,,16,18,15,21,16,
Degrees of Doubt,Q10_8,"I had someone to turn to that listened to my concerns, provided helpful advice, and supported me as I navigated life after high school",,,Don't know,17,17,18,,,28,26,10,7,17,
Degrees of Doubt,Q10_8,"I had someone to turn to that listened to my concerns, provided helpful advice, and supported me as I navigated life after high school",,,Strongly agree,14,16,24,,,9,24,16,33,16,
Degrees of Doubt,Q10_8,"I had someone to turn to that listened to my concerns, provided helpful advice, and supported me as I navigated life after high school",,,Somewhat agree,28,33,33,,,30,35,35,32,33,
Degrees of Doubt,Q10_8,"I had someone to turn to that listened to my concerns, provided helpful advice, and supported me as I navigated life after high school",,,Somewhat disagree,18,22,19,,,19,15,27,18,22,
Degrees of Doubt,Q10_8,"I had someone to turn to that listened to my concerns, provided helpful advice, and supported me as I navigated life after high school",,,Strongly disagree,35,22,21,,,32,20,19,13,22,
Degrees of Doubt,Q10_8,"I had someone to turn to that listened to my concerns, provided helpful advice, and supported me as I navigated life after high school",,,Don't know,5,6,3,,,10,7,3,4,6,
Degrees of Doubt,Q10_2,Men with college degrees are generally seen as smarter and more professional than men without them,,,Strongly agree,26,27,27,,,21,30,27,38,21,34
Degrees of Doubt,Q10_2,Men with college degrees are generally seen as smarter and more professional than men without them,,,Somewhat agree,41,43,40,,,45,39,44,40,41,45
Degrees of Doubt,Q10_2,Men with college degrees are generally seen as smarter and more professional than men without them,,,Somewhat disagree,17,17,18,,,20,18,17,13,20,14
Degrees of Doubt,Q10_2,Men with college degrees are generally seen as smarter and more professional than men without them,,,Strongly disagree,9,8,9,,,7,11,8,6,11,5
Degrees of Doubt,Q10_2,Men with college degrees are generally seen as smarter and more professional than men without them,,,Don't know,7,5,6,,,8,3,4,3,7,2
Degrees of Doubt,Q10_13,I regret pursuing a college degree (Base: College degree or currently enrolled),,,Strongly agree,9,11,9,,,3,,11,22,,11
Degrees of Doubt,Q10_13,I regret pursuing a college degree (Base: College degree or currently enrolled),,,Somewhat agree,12,20,16,,,20,,19,25,,20
Degrees of Doubt,Q10_13,I regret pursuing a college degree (Base: College degree or currently enrolled),,,Somewhat disagree,21,25,22,,,27,,25,20,,25
Degrees of Doubt,Q10_13,I regret pursuing a college degree (Base: College degree or currently enrolled),,,Strongly disagree,56,41,49,,,47,,42,30,,41
Degrees of Doubt,Q10_13,I regret pursuing a college degree (Base: College degree or currently enrolled),,,Don't know,2,3,4,,,,,,,,3
Degrees of Doubt,Q10_13,I regret pursuing a college degree (Base: College degree or currently enrolled),,,Strongly agree,19,14,23,,,13,17,12,21,14,
Degrees of Doubt,Q10_13,I regret pursuing a college degree (Base: College degree or currently enrolled),,,Somewhat agree,27,33,30,,,28,34,38,25,33,
Degrees of Doubt,Q10_13,I regret pursuing a college degree (Base: College degree or currently enrolled),,,Somewhat disagree,20,21,25,,,19,16,24,23,21,
Degrees of Doubt,Q10_13,I regret pursuing a college degree (Base: College degree or currently enrolled),,,Strongly disagree,27,24,16,,,32,23,19,22,24,
Degrees of Doubt,Q10_13,I regret pursuing a college degree (Base: College degree or currently enrolled),,,Don't know,7,8,7,,,7,10,7,9,8,
Degrees of Doubt,Q10_13,I regret pursuing a college degree (Base: College degree or currently enrolled),,,Strongly agree,20,17,28,,,12,19,17,33,17,
Degrees of Doubt,Q10_13,I regret pursuing a college degree (Base: College degree or currently enrolled),,,Somewhat agree,27,36,32,,,36,46,34,34,36,
Degrees of Doubt,Q10_13,I regret pursuing a college degree (Base: College degree or currently enrolled),,,Somewhat disagree,19,22,18,,,25,18,23,17,22,
Degrees of Doubt,Q10_13,I regret pursuing a college degree (Base: College degree or currently enrolled),,,Strongly disagree,27,18,14,,,16,18,21,13,18,
Degrees of Doubt,Q10_13,I regret pursuing a college degree (Base: College degree or currently enrolled),,,Don't know,6,6,7,,,11,0,6,4,6,
Degrees of Doubt,Q10_13,I regret pursuing a college degree (Base: College degree or currently enrolled),,,Strongly agree,17,22,30,,,10,33,24,28,22,
Degrees of Doubt,Q10_13,I regret pursuing a college degree (Base: College degree or currently enrolled),,,Somewhat agree,25,37,30,,,41,31,36,41,37,
Degrees of Doubt,Q10_13,I regret pursuing a college degree (Base: College degree or currently enrolled),,,Somewhat disagree,20,20,19,,,18,20,22,15,20,
Degrees of Doubt,Q10_13,I regret pursuing a college degree (Base: College degree or currently enrolled),,,Strongly disagree,32,15,18,,,19,15,14,13,15,
Degrees of Doubt,Q10_13,I regret pursuing a college degree (Base: College degree or currently enrolled),,,Don't know,6,6,3,,,11,2,5,3,6,
Degrees of Doubt,Q10_13,I regret pursuing a college degree (Base: College degree or currently enrolled),,,Strongly agree,29,30,41,,,25,41,27,42,30,
Degrees of Doubt,Q10_13,I regret pursuing a college degree (Base: College degree or currently enrolled),,,Somewhat agree,22,34,30,,,37,26,35,27,34,
Degrees of Doubt,Q10_13,I regret pursuing a college degree (Base: College degree or currently enrolled),,,Somewhat disagree,16,15,15,,,14,15,17,13,15,
Degrees of Doubt,Q10_13,I regret pursuing a college degree (Base: College degree or currently enrolled),,,Strongly disagree,26,14,10,,,13,11,15,14,14,
Degrees of Doubt,Q10_13,I regret pursuing a college degree (Base: College degree or currently enrolled),,,Don't know,7,7,3,,,10,6,7,4,7,
Degrees of Doubt,Q10_13,I regret pursuing a college degree (Base: College degree or currently enrolled),,,To gain the specific knowledge and skills needed for a desired job or career,49,44,42,,,45,,44,41,,44
Degrees of Doubt,Q10_13,I regret pursuing a college degree (Base: College degree or currently enrolled),,,To achieve long-term financial security and stability for myself or my family,39,39,44,,,41,,36,40,,39
Degrees of Doubt,Q10_13,I regret pursuing a college degree (Base: College degree or currently enrolled),,,To build a professional network and make connections that will help my career,19,29,20,,,26,,29,29,,29
Degrees of Doubt,Q10_13,I regret pursuing a college degree (Base: College degree or currently enrolled),,,To study a topic I am passionate about or interested in,31,29,34,,,34,,25,29,,29
Degrees of Doubt,Q10_13,I regret pursuing a college degree (Base: College degree or currently enrolled),,,To meet new people and have the college experience,18,26,21,,,23,,23,36,,26
Degrees of Doubt,Q10_13,I regret pursuing a college degree (Base: College degree or currently enrolled),,,To meet family expectations,19,25,23,,,15,,27,30,,25
Degrees of Doubt,Q10_13,I regret pursuing a college degree (Base: College degree or currently enrolled),,,To explore various fields and options before deciding on a career path,19,25,20,,,28,,27,18,,25
Degrees of Doubt,Q10_13,I regret pursuing a college degree (Base: College degree or currently enrolled),,,I pursued it right after high school to get it done quickly since I knew I wanted a degree eventually,22,22,25,,,22,,20,28,,22
Degrees of Doubt,Q10_13,I regret pursuing a college degree (Base: College degree or currently enrolled),,,To be the first in my family to earn a degree,16,15,15,,,12,,14,19,,15
Degrees of Doubt,Q24_9,"Thinking about my life, things are generally going in the right direction",,,Strongly agree,28,26,28,,,25,22,23,36,22,30
Degrees of Doubt,Q24_9,"Thinking about my life, things are generally going in the right direction",,,Somewhat agree,45,42,42,,,42,46,44,37,40,45
Degrees of Doubt,Q24_9,"Thinking about my life, things are generally going in the right direction",,,Somewhat disagree,6,21,17,,,23,13,23,17,25,17
Degrees of Doubt,Q24_9,"Thinking about my life, things are generally going in the right direction",,,Strongly disagree,7,8,8,,,7,18,6,8,9,7
Degrees of Doubt,Q24_9,"Thinking about my life, things are generally going in the right direction",,,Don't know,4,3,5,,,3,1,4,2,4,2
Degrees of Doubt,Q10_10,There are a lot of good job opportunities available for people like me,,,Strongly agree,28,31,25,,,26,32,31,40,27,35
Degrees of Doubt,Q10_10,There are a lot of good job opportunities available for people like me,,,Somewhat agree,39,41,35,,,45,36,41,39,40,42
Degrees of Doubt,Q10_10,There are a lot of good job opportunities available for people like me,,,Somewhat disagree,18,18,22,,,19,21,19,10,21,15
Degrees of Doubt,Q10_10,There are a lot of good job opportunities available for people like me,,,Strongly disagree,8,7,13,,,5,10,6,9,7,6
Degrees of Doubt,Q10_10,There are a lot of good job opportunities available for people like me,,,Don't know,7,4,6,,,5,1,4,3,5,2
Degrees of Doubt,Q9_2,Which of the following statements comes closest to your views?,,,"If I work hard and stay focused, I will end up financially successful in the long run",72,78,65,,,81,78,77,74,73,83
Degrees of Doubt,Q9_2,Which of the following statements comes closest to your views?,,,"No matter how hard I work, it is likely that I will always live paycheck to paycheck",28,22,35,,,19,22,23,26,27,17
Degrees of Doubt,Q8,How useful was your college education when it comes to each of the following? (Base: College degree),Q8_1,Helping you develop specific skills and knowledge that could be used in the workplace,Extremely useful,34,32,33,,,26,,33,36,,32
Degrees of Doubt,Q8,How useful was your college education when it comes to each of the following? (Base: College degree),Q8_1,Helping you develop specific skills and knowledge that could be used in the workplace,Very useful,33,35,35,,,43,,29,35,,35
Degrees of Doubt,Q8,How useful was your college education when it comes to each of the following? (Base: College degree),Q8_1,Helping you develop specific skills and knowledge that could be used in the workplace,Somewhat useful,19,19,23,,,22,,21,14,,19
Degrees of Doubt,Q8,How useful was your college education when it comes to each of the following? (Base: College degree),Q8_1,Helping you develop specific skills and knowledge that could be used in the workplace,A little useful,8,9,7,,,6,,11,8,,9
Degrees of Doubt,Q8,How useful was your college education when it comes to each of the following? (Base: College degree),Q8_1,Helping you develop specific skills and knowledge that could be used in the workplace,Not at all useful,5,5,2,,,3,,6,7,,5
Degrees of Doubt,Q8,How useful was your college education when it comes to each of the following? (Base: College degree),Q8_1,Helping you develop specific skills and knowledge that could be used in the workplace,I don't know,1,,1,,,0,,0,1,,
Degrees of Doubt,Q8,How useful was your college education when it comes to each of the following? (Base: College degree),Q8_2,Helping you grow personally and intellectually,Extremely useful,36,27,35,,,29,,23,29,,27
Degrees of Doubt,Q8,How useful was your college education when it comes to each of the following? (Base: College degree),Q8_2,Helping you grow personally and intellectually,Very useful,34,40,36,,,40,,40,40,,40
Degrees of Doubt,Q8,How useful was your college education when it comes to each of the following? (Base: College degree),Q8_2,Helping you grow personally and intellectually,Somewhat useful,18,21,16,,,24,,24,17,,21
Degrees of Doubt,Q8,How useful was your college education when it comes to each of the following? (Base: College degree),Q8_2,Helping you grow personally and intellectually,A little useful,7,6,7,,,5,,9,2,,6
Degrees of Doubt,Q8,How useful was your college education when it comes to each of the following? (Base: College degree),Q8_2,Helping you grow personally and intellectually,Not at all useful,4,4,4,,,1,,4,8,,4
Degrees of Doubt,Q8,How useful was your college education when it comes to each of the following? (Base: College degree),Q8_2,Helping you grow personally and intellectually,I don't know,1,2,1,,,2,,1,3,,2
Degrees of Doubt,Q8,How useful was your college education when it comes to each of the following? (Base: College degree),Q8_3,Connecting you directly to internships or other hands-on work experience,Extremely useful,23,24,26,,,15,,20,38,,24
Degrees of Doubt,Q8,How useful was your college education when it comes to each of the following? (Base: College degree),Q8_3,Connecting you directly to internships or other hands-on work experience,Very useful,26,35,29,,,41,,33,34,,35
Degrees of Doubt,Q8,How useful was your college education when it comes to each of the following? (Base: College degree),Q8_3,Connecting you directly to internships or other hands-on work experience,Somewhat useful,20,26,25,,,29,,29,19,,26
Degrees of Doubt,Q8,How useful was your college education when it comes to each of the following? (Base: College degree),Q8_3,Connecting you directly to internships or other hands-on work experience,A little useful,12,7,11,,,7,,9,3,,7
Degrees of Doubt,Q8,How useful was your college education when it comes to each of the following? (Base: College degree),Q8_3,Connecting you directly to internships or other hands-on work experience,Not at all useful,17,8,8,,,8,,7,6,,8
Degrees of Doubt,Q8,How useful was your college education when it comes to each of the following? (Base: College degree),Q8_3,Connecting you directly to internships or other hands-on work experience,I don't know,1,1,,,,0,,1,0,,1
Degrees of Doubt,Q8,How useful was your college education when it comes to each of the following? (Base: College degree),Q8_4,Providing professional networking opportunities,Extremely useful,22,26,23,,,20,,23,28,,26
Degrees of Doubt,Q8,How useful was your college education when it comes to each of the following? (Base: College degree),Q8_4,Providing professional networking opportunities,Very useful,25,35,30,,,37,,36,39,,35
Degrees of Doubt,Q8,How useful was your college education when it comes to each of the following? (Base: College degree),Q8_4,Providing professional networking opportunities,Somewhat useful,23,23,28,,,27,,23,17,,23
Degrees of Doubt,Q8,How useful was your college education when it comes to each of the following? (Base: College degree),Q8_4,Providing professional networking opportunities,A little useful,15,9,10,,,10,,10,8,,9
Degrees of Doubt,Q8,How useful was your college education when it comes to each of the following? (Base: College degree),Q8_4,Providing professional networking opportunities,Not at all useful,13,7,8,,,7,,8,8,,7
Degrees of Doubt,Q8,How useful was your college education when it comes to each of the following? (Base: College degree),Q8_4,Providing professional networking opportunities,I don't know,1,1,1,,,0,,1,0,,1
Degrees of Doubt,Q8,How useful was your college education when it comes to each of the following? (Base: College degree),Q8_5,Finding a community of friends,Extremely useful,21,22,24,,,17,,25,23,,22
Degrees of Doubt,Q8,How useful was your college education when it comes to each of the following? (Base: College degree),Q8_5,Finding a community of friends,Very useful,30,38,26,,,38,,34,47,,38
Degrees of Doubt,Q8,How useful was your college education when it comes to each of the following? (Base: College degree),Q8_5,Finding a community of friends,Somewhat useful,24,23,24,,,28,,27,18,,23
Degrees of Doubt,Q8,How useful was your college education when it comes to each of the following? (Base: College degree),Q8_5,Finding a community of friends,A little useful,12,9,11,,,14,,6,1,,9
Degrees of Doubt,Q8,How useful was your college education when it comes to each of the following? (Base: College degree),Q8_5,Finding a community of friends,Not at all useful,11,8,14,,,3,,8,11,,8
Degrees of Doubt,Q8,How useful was your college education when it comes to each of the following? (Base: College degree),Q8_5,Finding a community of friends,I don't know,2,1,1,,,0,,0,0,,
Degrees of Doubt,Q8,How useful was your college education when it comes to each of the following? (Base: College degree),Q8_6,Helping you find a job that aligns with your talents and interests,Extremely useful,29,25,24,,,22,,25,21,,25
Degrees of Doubt,Q8,How useful was your college education when it comes to each of the following? (Base: College degree),Q8_6,Helping you find a job that aligns with your talents and interests,Very useful,30,36,31,,,34,,36,42,,36
Degrees of Doubt,Q8,How useful was your college education when it comes to each of the following? (Base: College degree),Q8_6,Helping you find a job that aligns with your talents and interests,Somewhat useful,19,20,25,,,22,,17,24,,20
Degrees of Doubt,Q8,How useful was your college education when it comes to each of the following? (Base: College degree),Q8_6,Helping you find a job that aligns with your talents and interests,A little useful,11,11,9,,,19,,10,3,,11
Degrees of Doubt,Q8,How useful was your college education when it comes to each of the following? (Base: College degree),Q8_6,Helping you find a job that aligns with your talents and interests,Not at all useful,10,8,10,,,4,,10,10,,8
Degrees of Doubt,Q8,How useful was your college education when it comes to each of the following? (Base: College degree),Q8_6,Helping you find a job that aligns with your talents and interests,I don't know,,1,,,,0,,2,0,,1
Degrees of Doubt,Q8,How useful was your college education when it comes to each of the following? (Base: College degree),Q8_7,Helping you find a well-paying job,Extremely useful,28,26,19,,,18,,22,39,,26
Degrees of Doubt,Q8,How useful was your college education when it comes to each of the following? (Base: College degree),Q8_7,Helping you find a well-paying job,Very useful,29,36,37,,,38,,37,30,,36
Degrees of Doubt,Q8,How useful was your college education when it comes to each of the following? (Base: College degree),Q8_7,Helping you find a well-paying job,Somewhat useful,20,21,21,,,24,,19,21,,21
Degrees of Doubt,Q8,How useful was your college education when it comes to each of the following? (Base: College degree),Q8_7,Helping you find a well-paying job,A little useful,12,9,11,,,13,,11,1,,9
Degrees of Doubt,Q8,How useful was your college education when it comes to each of the following? (Base: College degree),Q8_7,Helping you find a well-paying job,Not at all useful,10,8,12,,,7,,11,8,,8
Degrees of Doubt,Q8,How useful was your college education when it comes to each of the following? (Base: College degree),Q8_7,Helping you find a well-paying job,I don't know,1,,,,,0,,1,0,,
Degrees of Doubt,Q8,How useful was your college education when it comes to each of the following? (Base: College degree),Q8_8,"Preparing you to participate in civic life, such as voting or volunteering",Extremely useful,19,21,19,,,11,,20,32,,21
Degrees of Doubt,Q8,How useful was your college education when it comes to each of the following? (Base: College degree),Q8_8,"Preparing you to participate in civic life, such as voting or volunteering",Very useful,22,31,26,,,34,,27,34,,31
Degrees of Doubt,Q8,How useful was your college education when it comes to each of the following? (Base: College degree),Q8_8,"Preparing you to participate in civic life, such as voting or volunteering",Somewhat useful,25,21,17,,,28,,24,17,,21
Degrees of Doubt,Q8,How useful was your college education when it comes to each of the following? (Base: College degree),Q8_8,"Preparing you to participate in civic life, such as voting or volunteering",A little useful,13,15,16,,,16,,17,7,,15
Degrees of Doubt,Q8,How useful was your college education when it comes to each of the following? (Base: College degree),Q8_8,"Preparing you to participate in civic life, such as voting or volunteering",Not at all useful,20,12,20,,,11,,12,11,,12
Degrees of Doubt,Q8,How useful was your college education when it comes to each of the following? (Base: College degree),Q8_8,"Preparing you to participate in civic life, such as voting or volunteering",I don't know,1,,1,,,0,,1,0,,
Degrees of Doubt,Q13,"How much, if at all, do you think each of the following would help make pursuing a college degree a better investment for Americans?",Q13_1,Lower the price of tuition and fees,A lot,59,53,59,,,54,76,45,57,49,57
Degrees of Doubt,Q13,"How much, if at all, do you think each of the following would help make pursuing a college degree a better investment for Americans?",Q13_1,Lower the price of tuition and fees,Somewhat,28,32,22,,,28,23,37,35,33,32
Degrees of Doubt,Q13,"How much, if at all, do you think each of the following would help make pursuing a college degree a better investment for Americans?",Q13_1,Lower the price of tuition and fees,Not much,6,8,11,,,10,1,10,4,9,8
Degrees of Doubt,Q13,"How much, if at all, do you think each of the following would help make pursuing a college degree a better investment for Americans?",Q13_1,Lower the price of tuition and fees,Not at all,2,3,3,,,3,0,4,4,3,3
Degrees of Doubt,Q13,"How much, if at all, do you think each of the following would help make pursuing a college degree a better investment for Americans?",Q13_1,Lower the price of tuition and fees,Don't know,4,4,5,,,5,0,5,1,7,1
Degrees of Doubt,Q13,"How much, if at all, do you think each of the following would help make pursuing a college degree a better investment for Americans?",Q13_2,Provide comprehensive career counseling in high school to help students understand the best pathway to their career goals,A lot,48,42,43,,,46,52,37,46,36,49
Degrees of Doubt,Q13,"How much, if at all, do you think each of the following would help make pursuing a college degree a better investment for Americans?",Q13_2,Provide comprehensive career counseling in high school to help students understand the best pathway to their career goals,Somewhat,37,40,40,,,40,45,40,41,41,40
Degrees of Doubt,Q13,"How much, if at all, do you think each of the following would help make pursuing a college degree a better investment for Americans?",Q13_2,Provide comprehensive career counseling in high school to help students understand the best pathway to their career goals,Not much,7,10,9,,,8,3,14,7,12,7
Degrees of Doubt,Q13,"How much, if at all, do you think each of the following would help make pursuing a college degree a better investment for Americans?",Q13_2,Provide comprehensive career counseling in high school to help students understand the best pathway to their career goals,Not at all,2,3,3,,,1,0,5,3,4,2
Degrees of Doubt,Q13,"How much, if at all, do you think each of the following would help make pursuing a college degree a better investment for Americans?",Q13_2,Provide comprehensive career counseling in high school to help students understand the best pathway to their career goals,Don't know,5,4,5,,,5,0,5,2,6,2
Degrees of Doubt,Q13,"How much, if at all, do you think each of the following would help make pursuing a college degree a better investment for Americans?",Q13_3,Provide comprehensive career counseling to students throughout their time in college,A lot,45,40,45,,,41,51,35,47,35,47
Degrees of Doubt,Q13,"How much, if at all, do you think each of the following would help make pursuing a college degree a better investment for Americans?",Q13_3,Provide comprehensive career counseling to students throughout their time in college,Somewhat,39,42,37,,,37,44,43,45,40,43
Degrees of Doubt,Q13,"How much, if at all, do you think each of the following would help make pursuing a college degree a better investment for Americans?",Q13_3,Provide comprehensive career counseling to students throughout their time in college,Not much,8,10,9,,,11,2,12,5,12,7
Degrees of Doubt,Q13,"How much, if at all, do you think each of the following would help make pursuing a college degree a better investment for Americans?",Q13_3,Provide comprehensive career counseling to students throughout their time in college,Not at all,2,3,5,,,2,3,4,2,4,1
Degrees of Doubt,Q13,"How much, if at all, do you think each of the following would help make pursuing a college degree a better investment for Americans?",Q13_3,Provide comprehensive career counseling to students throughout their time in college,Don't know,6,5,6,,,8,0,6,2,9,2
Degrees of Doubt,Q13,"How much, if at all, do you think each of the following would help make pursuing a college degree a better investment for Americans?",Q13_4,Create internships and training programs that allow students to get job experience while earning a degree,A lot,54,45,56,,,45,59,40,55,41,50
Degrees of Doubt,Q13,"How much, if at all, do you think each of the following would help make pursuing a college degree a better investment for Americans?",Q13_4,Create internships and training programs that allow students to get job experience while earning a degree,Somewhat,32,35,28,,,37,36,36,32,35,36
Degrees of Doubt,Q13,"How much, if at all, do you think each of the following would help make pursuing a college degree a better investment for Americans?",Q13_4,Create internships and training programs that allow students to get job experience while earning a degree,Not much,7,11,8,,,11,3,14,8,12,10
Degrees of Doubt,Q13,"How much, if at all, do you think each of the following would help make pursuing a college degree a better investment for Americans?",Q13_4,Create internships and training programs that allow students to get job experience while earning a degree,Not at all,2,4,3,,,2,0,6,4,5,3
Degrees of Doubt,Q13,"How much, if at all, do you think each of the following would help make pursuing a college degree a better investment for Americans?",Q13_4,Create internships and training programs that allow students to get job experience while earning a degree,Don't know,5,4,5,,,5,2,5,2,7,2
Degrees of Doubt,Q13,"How much, if at all, do you think each of the following would help make pursuing a college degree a better investment for Americans?",Q13_5,Create partnerships between colleges and employers that establish a direct job placement pipeline for graduates,A lot,51,43,48,,,42,58,39,46,41,46
Degrees of Doubt,Q13,"How much, if at all, do you think each of the following would help make pursuing a college degree a better investment for Americans?",Q13_5,Create partnerships between colleges and employers that establish a direct job placement pipeline for graduates,Somewhat,34,40,33,,,38,37,43,41,41,39
Degrees of Doubt,Q13,"How much, if at all, do you think each of the following would help make pursuing a college degree a better investment for Americans?",Q13_5,Create partnerships between colleges and employers that establish a direct job placement pipeline for graduates,Not much,6,10,10,,,13,5,10,7,8,11
Degrees of Doubt,Q13,"How much, if at all, do you think each of the following would help make pursuing a college degree a better investment for Americans?",Q13_5,Create partnerships between colleges and employers that establish a direct job placement pipeline for graduates,Not at all,3,2,4,,,1,0,4,1,3,2
Degrees of Doubt,Q13,"How much, if at all, do you think each of the following would help make pursuing a college degree a better investment for Americans?",Q13_5,Create partnerships between colleges and employers that establish a direct job placement pipeline for graduates,Don't know,6,4,5,,,5,1,5,3,6,2
Degrees of Doubt,Q13,"How much, if at all, do you think each of the following would help make pursuing a college degree a better investment for Americans?",Q13_6,"Provide students with a broad base of knowledge and transferable skills (e.g., critical thinking, communication, problem-solving, how to use artificial intelligence in the workforce)",A lot,50,41,48,,,43,60,35,44,37,46
Degrees of Doubt,Q13,"How much, if at all, do you think each of the following would help make pursuing a college degree a better investment for Americans?",Q13_6,"Provide students with a broad base of knowledge and transferable skills (e.g., critical thinking, communication, problem-solving, how to use artificial intelligence in the workforce)",Somewhat,35,39,34,,,35,32,42,44,41,38
Degrees of Doubt,Q13,"How much, if at all, do you think each of the following would help make pursuing a college degree a better investment for Americans?",Q13_6,"Provide students with a broad base of knowledge and transferable skills (e.g., critical thinking, communication, problem-solving, how to use artificial intelligence in the workforce)",Not much,8,12,11,,,14,7,12,8,12,11
Degrees of Doubt,Q13,"How much, if at all, do you think each of the following would help make pursuing a college degree a better investment for Americans?",Q13_6,"Provide students with a broad base of knowledge and transferable skills (e.g., critical thinking, communication, problem-solving, how to use artificial intelligence in the workforce)",Not at all,2,4,3,,,4,0,6,2,6,2
Degrees of Doubt,Q13,"How much, if at all, do you think each of the following would help make pursuing a college degree a better investment for Americans?",Q13_6,"Provide students with a broad base of knowledge and transferable skills (e.g., critical thinking, communication, problem-solving, how to use artificial intelligence in the workforce)",Don't know,5,4,5,,,5,1,6,2,5,3
Degrees of Doubt,Q13,"How much, if at all, do you think each of the following would help make pursuing a college degree a better investment for Americans?",Q13_7,"Ensure additional financial support is available to meet students’ basic needs (housing, food, transportation, or childcare)",A lot,48,44,53,,,45,62,38,51,40,50
Degrees of Doubt,Q13,"How much, if at all, do you think each of the following would help make pursuing a college degree a better investment for Americans?",Q13_7,"Ensure additional financial support is available to meet students’ basic needs (housing, food, transportation, or childcare)",Somewhat,36,39,32,,,35,35,41,42,39,39
Degrees of Doubt,Q13,"How much, if at all, do you think each of the following would help make pursuing a college degree a better investment for Americans?",Q13_7,"Ensure additional financial support is available to meet students’ basic needs (housing, food, transportation, or childcare)",Not much,8,10,9,,,13,1,11,5,12,8
Degrees of Doubt,Q13,"How much, if at all, do you think each of the following would help make pursuing a college degree a better investment for Americans?",Q13_7,"Ensure additional financial support is available to meet students’ basic needs (housing, food, transportation, or childcare)",Not at all,3,3,3,,,1,1,5,2,4,2
Degrees of Doubt,Q13,"How much, if at all, do you think each of the following would help make pursuing a college degree a better investment for Americans?",Q13_7,"Ensure additional financial support is available to meet students’ basic needs (housing, food, transportation, or childcare)",Don't know,5,4,3,,,6,1,4,1,5,2
Degrees of Doubt,Q13,"How much, if at all, do you think each of the following would help make pursuing a college degree a better investment for Americans?",Q13_8,"Require colleges to take on some financial risk, such as paying a share of the loan balance if alumni default",A lot,31,33,33,,,26,50,30,44,33,34
Degrees of Doubt,Q13,"How much, if at all, do you think each of the following would help make pursuing a college degree a better investment for Americans?",Q13_8,"Require colleges to take on some financial risk, such as paying a share of the loan balance if alumni default",Somewhat,37,42,37,,,43,38,43,40,40,45
Degrees of Doubt,Q13,"How much, if at all, do you think each of the following would help make pursuing a college degree a better investment for Americans?",Q13_8,"Require colleges to take on some financial risk, such as paying a share of the loan balance if alumni default",Not much,14,14,14,,,20,5,15,9,15,14
Degrees of Doubt,Q13,"How much, if at all, do you think each of the following would help make pursuing a college degree a better investment for Americans?",Q13_8,"Require colleges to take on some financial risk, such as paying a share of the loan balance if alumni default",Not at all,7,5,6,,,3,5,7,4,5,5
Degrees of Doubt,Q13,"How much, if at all, do you think each of the following would help make pursuing a college degree a better investment for Americans?",Q13_8,"Require colleges to take on some financial risk, such as paying a share of the loan balance if alumni default",Don't know,11,5,11,,,8,1,5,3,7,3
Degrees of Doubt,Q13,"How much, if at all, do you think each of the following would help make pursuing a college degree a better investment for Americans?",Q13_9,Provide financial bonuses to colleges and universities that do an exceptional job of serving low-income students,A lot,38,40,43,,,37,56,35,48,38,42
Degrees of Doubt,Q13,"How much, if at all, do you think each of the following would help make pursuing a college degree a better investment for Americans?",Q13_9,Provide financial bonuses to colleges and universities that do an exceptional job of serving low-income students,Somewhat,37,38,35,,,40,37,37,38,36,40
Degrees of Doubt,Q13,"How much, if at all, do you think each of the following would help make pursuing a college degree a better investment for Americans?",Q13_9,Provide financial bonuses to colleges and universities that do an exceptional job of serving low-income students,Not much,11,12,11,,,13,6,15,9,14,10
Degrees of Doubt,Q13,"How much, if at all, do you think each of the following would help make pursuing a college degree a better investment for Americans?",Q13_9,Provide financial bonuses to colleges and universities that do an exceptional job of serving low-income students,Not at all,5,4,4,,,4,1,6,4,5,4
Degrees of Doubt,Q13,"How much, if at all, do you think each of the following would help make pursuing a college degree a better investment for Americans?",Q13_9,Provide financial bonuses to colleges and universities that do an exceptional job of serving low-income students,Don't know,9,4,7,,,7,1,6,2,7,3
Degrees of Doubt,Q13,"How much, if at all, do you think each of the following would help make pursuing a college degree a better investment for Americans?",Q13_10,"Require colleges to publicly report in an easily accessible format, the median earnings and typical debt for graduates by major",A lot,36,35,38,,,31,48,31,45,30,41
Degrees of Doubt,Q13,"How much, if at all, do you think each of the following would help make pursuing a college degree a better investment for Americans?",Q13_10,"Require colleges to publicly report in an easily accessible format, the median earnings and typical debt for graduates by major",Somewhat,41,40,38,,,42,43,38,38,39,40
Degrees of Doubt,Q13,"How much, if at all, do you think each of the following would help make pursuing a college degree a better investment for Americans?",Q13_10,"Require colleges to publicly report in an easily accessible format, the median earnings and typical debt for graduates by major",Not much,11,15,11,,,16,3,19,10,17,13
Degrees of Doubt,Q13,"How much, if at all, do you think each of the following would help make pursuing a college degree a better investment for Americans?",Q13_10,"Require colleges to publicly report in an easily accessible format, the median earnings and typical debt for graduates by major",Not at all,3,4,4,,,3,1,5,5,4,4
Degrees of Doubt,Q13,"How much, if at all, do you think each of the following would help make pursuing a college degree a better investment for Americans?",Q13_10,"Require colleges to publicly report in an easily accessible format, the median earnings and typical debt for graduates by major",Don't know,8,7,9,,,8,6,7,3,10,3
Degrees of Doubt,Q13,"How much, if at all, do you think each of the following would help make pursuing a college degree a better investment for Americans?",Q13_11,Reduce the total number of credits required for a degree to make it easier for students to graduate quicker,A lot,28,31,32,,,28,39,28,41,31,31
Degrees of Doubt,Q13,"How much, if at all, do you think each of the following would help make pursuing a college degree a better investment for Americans?",Q13_11,Reduce the total number of credits required for a degree to make it easier for students to graduate quicker,Somewhat,33,39,35,,,35,43,40,42,40,38
Degrees of Doubt,Q13,"How much, if at all, do you think each of the following would help make pursuing a college degree a better investment for Americans?",Q13_11,Reduce the total number of credits required for a degree to make it easier for students to graduate quicker,Not much,20,19,17,,,25,12,19,12,16,22
Degrees of Doubt,Q13,"How much, if at all, do you think each of the following would help make pursuing a college degree a better investment for Americans?",Q13_11,Reduce the total number of credits required for a degree to make it easier for students to graduate quicker,Not at all,10,6,10,,,6,1,8,3,5,6
Degrees of Doubt,Q13,"How much, if at all, do you think each of the following would help make pursuing a college degree a better investment for Americans?",Q13_11,Reduce the total number of credits required for a degree to make it easier for students to graduate quicker,Don't know,8,5,6,,,7,5,5,2,7,2
Degrees of Doubt,Q14,To what extent do you trust each of the following to help make college a better investment for Americans?,Q14_1,The federal government,A lot,19,23,18,,,17,28,24,28,21,26
Degrees of Doubt,Q14,To what extent do you trust each of the following to help make college a better investment for Americans?,Q14_1,The federal government,Somewhat,28,31,26,,,32,22,32,35,29,33
Degrees of Doubt,Q14,To what extent do you trust each of the following to help make college a better investment for Americans?,Q14_1,The federal government,A little,22,21,25,,,24,17,22,14,20,21
Degrees of Doubt,Q14,To what extent do you trust each of the following to help make college a better investment for Americans?,Q14_1,The federal government,Not at all,24,20,24,,,22,27,17,19,23,16
Degrees of Doubt,Q14,To what extent do you trust each of the following to help make college a better investment for Americans?,Q14_1,The federal government,Don't know,7,5,7,,,5,7,6,4,7,3
Degrees of Doubt,Q14,To what extent do you trust each of the following to help make college a better investment for Americans?,Q14_2,State governments,A lot,19,25,21,,,18,34,25,33,22,29
Degrees of Doubt,Q14,To what extent do you trust each of the following to help make college a better investment for Americans?,Q14_2,State governments,Somewhat,33,33,33,,,33,26,35,34,31,35
Degrees of Doubt,Q14,To what extent do you trust each of the following to help make college a better investment for Americans?,Q14_2,State governments,A little,24,22,23,,,29,19,21,12,23,21
Degrees of Doubt,Q14,To what extent do you trust each of the following to help make college a better investment for Americans?,Q14_2,State governments,Not at all,16,14,15,,,14,15,14,16,17,11
Degrees of Doubt,Q14,To what extent do you trust each of the following to help make college a better investment for Americans?,Q14_2,State governments,Don't know,7,6,8,,,6,7,5,5,7,4
Degrees of Doubt,Q14,To what extent do you trust each of the following to help make college a better investment for Americans?,Q14_3,Accrediting agencies that oversee colleges and universities,A lot,23,23,20,,,18,30,24,26,20,27
Degrees of Doubt,Q14,To what extent do you trust each of the following to help make college a better investment for Americans?,Q14_3,Accrediting agencies that oversee colleges and universities,Somewhat,38,43,38,,,47,37,42,44,41,45
Degrees of Doubt,Q14,To what extent do you trust each of the following to help make college a better investment for Americans?,Q14_3,Accrediting agencies that oversee colleges and universities,A little,21,17,23,,,16,16,19,16,17,17
Degrees of Doubt,Q14,To what extent do you trust each of the following to help make college a better investment for Americans?,Q14_3,Accrediting agencies that oversee colleges and universities,Not at all,11,9,10,,,10,11,9,9,11,7
Degrees of Doubt,Q14,To what extent do you trust each of the following to help make college a better investment for Americans?,Q14_3,Accrediting agencies that oversee colleges and universities,Don't know,8,7,9,,,10,7,6,5,10,4
Degrees of Doubt,Q14,To what extent do you trust each of the following to help make college a better investment for Americans?,Q14_4,Philanthropic or non-profit organizations,A lot,23,22,22,,,20,27,21,27,19,25
Degrees of Doubt,Q14,To what extent do you trust each of the following to help make college a better investment for Americans?,Q14_4,Philanthropic or non-profit organizations,Somewhat,37,39,35,,,40,49,36,43,39,40
Degrees of Doubt,Q14,To what extent do you trust each of the following to help make college a better investment for Americans?,Q14_4,Philanthropic or non-profit organizations,A little,21,21,23,,,21,12,26,16,21,22
Degrees of Doubt,Q14,To what extent do you trust each of the following to help make college a better investment for Americans?,Q14_4,Philanthropic or non-profit organizations,Not at all,11,10,10,,,10,6,12,8,11,8
Degrees of Doubt,Q14,To what extent do you trust each of the following to help make college a better investment for Americans?,Q14_4,Philanthropic or non-profit organizations,Don't know,9,7,10,,,11,7,6,6,9,5
Degrees of Doubt,Q14,To what extent do you trust each of the following to help make college a better investment for Americans?,Q14_5,College and university Presidents and Boards of Trustees,A lot,22,25,25,,,19,31,24,32,20,30
Degrees of Doubt,Q14,To what extent do you trust each of the following to help make college a better investment for Americans?,Q14_5,College and university Presidents and Boards of Trustees,Somewhat,37,39,36,,,38,30,40,41,37,40
Degrees of Doubt,Q14,To what extent do you trust each of the following to help make college a better investment for Americans?,Q14_5,College and university Presidents and Boards of Trustees,A little,21,21,18,,,25,25,20,11,24,16
Degrees of Doubt,Q14,To what extent do you trust each of the following to help make college a better investment for Americans?,Q14_5,College and university Presidents and Boards of Trustees,Not at all,26,11,13,,,12,10,12,11,13,10
Degrees of Doubt,Q14,To what extent do you trust each of the following to help make college a better investment for Americans?,Q14_5,College and university Presidents and Boards of Trustees,Don't know,8,5,8,,,6,4,5,5,6,4
Degrees of Doubt,Q14,To what extent do you trust each of the following to help make college a better investment for Americans?,Q14_6,College and university professors and faculty,A lot,27,30,31,,,28,41,28,35,26,34
Degrees of Doubt,Q14,To what extent do you trust each of the following to help make college a better investment for Americans?,Q14_6,College and university professors and faculty,Somewhat,39,38,38,,,36,35,39,42,37,40
Degrees of Doubt,Q14,To what extent do you trust each of the following to help make college a better investment for Americans?,Q14_6,College and university professors and faculty,A little,17,18,18,,,20,17,19,13,21,15
Degrees of Doubt,Q14,To what extent do you trust each of the following to help make college a better investment for Americans?,Q14_6,College and university professors and faculty,Not at all,11,9,7,,,10,7,10,5,10,8
Degrees of Doubt,Q14,To what extent do you trust each of the following to help make college a better investment for Americans?,Q14_6,College and university professors and faculty,Don't know,6,5,5,,,6,0,5,5,6,3
Degrees of Doubt,Q14,To what extent do you trust each of the following to help make college a better investment for Americans?,Q14_7,Community-based organizations,A lot,24,29,25,,,26,33,27,34,27,30
Degrees of Doubt,Q14,To what extent do you trust each of the following to help make college a better investment for Americans?,Q14_7,Community-based organizations,Somewhat,40,44,40,,,49,51,41,39,44,44
Degrees of Doubt,Q14,To what extent do you trust each of the following to help make college a better investment for Americans?,Q14_7,Community-based organizations,A little,20,17,21,,,15,9,21,16,16,18
Degrees of Doubt,Q14,To what extent do you trust each of the following to help make college a better investment for Americans?,Q14_7,Community-based organizations,Not at all,8,6,7,,,4,4,7,6,6,5
Degrees of Doubt,Q14,To what extent do you trust each of the following to help make college a better investment for Americans?,Q14_7,Community-based organizations,Don't know,7,5,6,,,5,2,5,6,7,3
Degrees of Doubt,Q14,To what extent do you trust each of the following to help make college a better investment for Americans?,Q14_8,Employers and industry coalitions,A lot,24,24,21,,,18,25,26,33,20,28
Degrees of Doubt,Q14,To what extent do you trust each of the following to help make college a better investment for Americans?,Q14_8,Employers and industry coalitions,Somewhat,40,41,40,,,40,42,40,46,39,43
Degrees of Doubt,Q14,To what extent do you trust each of the following to help make college a better investment for Americans?,Q14_8,Employers and industry coalitions,A little,20,20,18,,,26,26,20,6,23,16
Degrees of Doubt,Q14,To what extent do you trust each of the following to help make college a better investment for Americans?,Q14_8,Employers and industry coalitions,Not at all,9,9,14,,,10,6,8,10,10,8
Degrees of Doubt,Q14,To what extent do you trust each of the following to help make college a better investment for Americans?,Q14_8,Employers and industry coalitions,Don't know,7,6,7,,,7,2,6,5,7,4
